check (ubuntu-latest)	Set up job	﻿2026-09-18T20:09:06.5457493Z Current runner version: '2.337.0'
check (ubuntu-latest)	Set up job	2026-09-18T20:09:06.5483417Z ##[group]Runner Image Provisioner
check (ubuntu-latest)	Set up job	2026-09-18T20:09:06.5484339Z Hosted Compute Agent
check (ubuntu-latest)	Set up job	2026-09-18T20:09:06.5485058Z Version: 20260828.587
check (ubuntu-latest)	Set up job	2026-09-18T20:09:06.5485719Z Commit: abac92662cab4cc7352de4f9f9d2e2419aad9c29
check (ubuntu-latest)	Set up job	2026-09-18T20:09:06.5486451Z Build Date: 2026-08-28T16:44:25Z
check (ubuntu-latest)	Set up job	2026-09-18T20:09:06.5487194Z Worker ID: {2e452df8-03df-4761-9660-b581b3b8b465}
check (ubuntu-latest)	Set up job	2026-09-18T20:09:06.5488230Z Azure Region: eastus
check (ubuntu-latest)	Set up job	2026-09-18T20:09:06.5488916Z ##[endgroup]
check (ubuntu-latest)	Set up job	2026-09-18T20:09:06.5490750Z ##[group]Operating System
check (ubuntu-latest)	Set up job	2026-09-18T20:09:06.5491490Z Ubuntu
check (ubuntu-latest)	Set up job	2026-09-18T20:09:06.5492424Z 24.04.5
check (ubuntu-latest)	Set up job	2026-09-18T20:09:06.5492967Z LTS
check (ubuntu-latest)	Set up job	2026-09-18T20:09:06.5493590Z ##[endgroup]
check (ubuntu-latest)	Set up job	2026-09-18T20:09:06.5494149Z ##[group]Runner Image
check (ubuntu-latest)	Set up job	2026-09-18T20:09:06.5494726Z Image: ubuntu-24.04
check (ubuntu-latest)	Set up job	2026-09-18T20:09:06.5495348Z Version: 20260907.300.1
check (ubuntu-latest)	Set up job	2026-09-18T20:09:06.5496473Z Included Software: https://github.com/actions/runner-images/blob/ubuntu24/20260907.300/images/ubuntu/Ubuntu2404-Readme.md
check (ubuntu-latest)	Set up job	2026-09-18T20:09:06.5498942Z Image Release: https://github.com/actions/runner-images/releases/tag/ubuntu24%2F20260907.300
check (ubuntu-latest)	Set up job	2026-09-18T20:09:06.5499996Z ##[endgroup]
check (ubuntu-latest)	Set up job	2026-09-18T20:09:06.5501198Z ##[group]GITHUB_TOKEN Permissions
check (ubuntu-latest)	Set up job	2026-09-18T20:09:06.5503767Z Contents: read
check (ubuntu-latest)	Set up job	2026-09-18T20:09:06.5504433Z Metadata: read
check (ubuntu-latest)	Set up job	2026-09-18T20:09:06.5504973Z ##[endgroup]
check (ubuntu-latest)	Set up job	2026-09-18T20:09:06.5507205Z Secret source: Actions
check (ubuntu-latest)	Set up job	2026-09-18T20:09:06.5508610Z Cache mode: write
check (ubuntu-latest)	Set up job	2026-09-18T20:09:06.5509788Z Prepare workflow directory
check (ubuntu-latest)	Set up job	2026-09-18T20:09:06.5849100Z Prepare all required actions
check (ubuntu-latest)	Set up job	2026-09-18T20:09:06.5897368Z Getting action download info
check (ubuntu-latest)	Set up job	2026-09-18T20:09:06.8006135Z Download action repository 'actions/checkout@3d3c42e5aac5ba805825da76410c181273ba90b1' (SHA:3d3c42e5aac5ba805825da76410c181273ba90b1)
check (ubuntu-latest)	Set up job	2026-09-18T20:09:06.9371224Z Download action repository 'astral-sh/setup-uv@bec219d24cd3e171d82865faccec33120bb574f4' (SHA:bec219d24cd3e171d82865faccec33120bb574f4)
check (ubuntu-latest)	Set up job	2026-09-18T20:09:07.2414683Z Complete job name: check (ubuntu-latest)
check (ubuntu-latest)	Run actions/checkout@3d3c42e5aac5ba805825da76410c181273ba90b1	﻿2026-09-18T20:09:07.3192087Z ##[group]Run actions/checkout@3d3c42e5aac5ba805825da76410c181273ba90b1
check (ubuntu-latest)	Run actions/checkout@3d3c42e5aac5ba805825da76410c181273ba90b1	2026-09-18T20:09:07.3193273Z with:
check (ubuntu-latest)	Run actions/checkout@3d3c42e5aac5ba805825da76410c181273ba90b1	2026-09-18T20:09:07.3193729Z   persist-credentials: false
check (ubuntu-latest)	Run actions/checkout@3d3c42e5aac5ba805825da76410c181273ba90b1	2026-09-18T20:09:07.3194281Z   repository: manfromnowhere143/nisayon
check (ubuntu-latest)	Run actions/checkout@3d3c42e5aac5ba805825da76410c181273ba90b1	2026-09-18T20:09:07.3198236Z   token: ***
check (ubuntu-latest)	Run actions/checkout@3d3c42e5aac5ba805825da76410c181273ba90b1	2026-09-18T20:09:07.3198712Z   ssh-strict: true
check (ubuntu-latest)	Run actions/checkout@3d3c42e5aac5ba805825da76410c181273ba90b1	2026-09-18T20:09:07.3199153Z   ssh-user: git
check (ubuntu-latest)	Run actions/checkout@3d3c42e5aac5ba805825da76410c181273ba90b1	2026-09-18T20:09:07.3199573Z   clean: true
check (ubuntu-latest)	Run actions/checkout@3d3c42e5aac5ba805825da76410c181273ba90b1	2026-09-18T20:09:07.3200017Z   sparse-checkout-cone-mode: true
check (ubuntu-latest)	Run actions/checkout@3d3c42e5aac5ba805825da76410c181273ba90b1	2026-09-18T20:09:07.3200587Z   fetch-depth: 1
check (ubuntu-latest)	Run actions/checkout@3d3c42e5aac5ba805825da76410c181273ba90b1	2026-09-18T20:09:07.3201031Z   fetch-tags: false
check (ubuntu-latest)	Run actions/checkout@3d3c42e5aac5ba805825da76410c181273ba90b1	2026-09-18T20:09:07.3201473Z   show-progress: true
check (ubuntu-latest)	Run actions/checkout@3d3c42e5aac5ba805825da76410c181273ba90b1	2026-09-18T20:09:07.3201931Z   lfs: false
check (ubuntu-latest)	Run actions/checkout@3d3c42e5aac5ba805825da76410c181273ba90b1	2026-09-18T20:09:07.3202347Z   submodules: false
check (ubuntu-latest)	Run actions/checkout@3d3c42e5aac5ba805825da76410c181273ba90b1	2026-09-18T20:09:07.3202790Z   set-safe-directory: true
check (ubuntu-latest)	Run actions/checkout@3d3c42e5aac5ba805825da76410c181273ba90b1	2026-09-18T20:09:07.3203292Z   allow-unsafe-pr-checkout: false
check (ubuntu-latest)	Run actions/checkout@3d3c42e5aac5ba805825da76410c181273ba90b1	2026-09-18T20:09:07.3204092Z ##[endgroup]
check (ubuntu-latest)	Run actions/checkout@3d3c42e5aac5ba805825da76410c181273ba90b1	2026-09-18T20:09:07.4185825Z Syncing repository: manfromnowhere143/nisayon
check (ubuntu-latest)	Run actions/checkout@3d3c42e5aac5ba805825da76410c181273ba90b1	2026-09-18T20:09:07.4188034Z ##[group]Getting Git version info
check (ubuntu-latest)	Run actions/checkout@3d3c42e5aac5ba805825da76410c181273ba90b1	2026-09-18T20:09:07.4188969Z Working directory is '/home/runner/work/nisayon/nisayon'
check (ubuntu-latest)	Run actions/checkout@3d3c42e5aac5ba805825da76410c181273ba90b1	2026-09-18T20:09:07.4190031Z [command]/usr/bin/git version
check (ubuntu-latest)	Run actions/checkout@3d3c42e5aac5ba805825da76410c181273ba90b1	2026-09-18T20:09:07.4254433Z git version 2.55.0
check (ubuntu-latest)	Run actions/checkout@3d3c42e5aac5ba805825da76410c181273ba90b1	2026-09-18T20:09:07.4275248Z ##[endgroup]
check (ubuntu-latest)	Run actions/checkout@3d3c42e5aac5ba805825da76410c181273ba90b1	2026-09-18T20:09:07.4286077Z Temporarily overriding HOME='/home/runner/work/_temp/d3d15708-5445-42e6-812f-241f6fea09cc' before making global git config changes
check (ubuntu-latest)	Run actions/checkout@3d3c42e5aac5ba805825da76410c181273ba90b1	2026-09-18T20:09:07.4287538Z Adding repository directory to the temporary git global config as a safe directory
check (ubuntu-latest)	Run actions/checkout@3d3c42e5aac5ba805825da76410c181273ba90b1	2026-09-18T20:09:07.4292103Z [command]/usr/bin/git config --global --add safe.directory /home/runner/work/nisayon/nisayon
check (ubuntu-latest)	Run actions/checkout@3d3c42e5aac5ba805825da76410c181273ba90b1	2026-09-18T20:09:07.4336583Z Deleting the contents of '/home/runner/work/nisayon/nisayon'
check (ubuntu-latest)	Run actions/checkout@3d3c42e5aac5ba805825da76410c181273ba90b1	2026-09-18T20:09:07.4340487Z ##[group]Determining repository object format
check (ubuntu-latest)	Run actions/checkout@3d3c42e5aac5ba805825da76410c181273ba90b1	2026-09-18T20:09:07.4341857Z ##[endgroup]
check (ubuntu-latest)	Run actions/checkout@3d3c42e5aac5ba805825da76410c181273ba90b1	2026-09-18T20:09:07.4342736Z ##[group]Initializing the repository
check (ubuntu-latest)	Run actions/checkout@3d3c42e5aac5ba805825da76410c181273ba90b1	2026-09-18T20:09:07.4345921Z [command]/usr/bin/git init /home/runner/work/nisayon/nisayon
check (ubuntu-latest)	Run actions/checkout@3d3c42e5aac5ba805825da76410c181273ba90b1	2026-09-18T20:09:07.4446903Z hint: Using 'master' as the name for the initial branch. This default branch name
check (ubuntu-latest)	Run actions/checkout@3d3c42e5aac5ba805825da76410c181273ba90b1	2026-09-18T20:09:07.4448670Z hint: will change to "main" in Git 3.0. To configure the initial branch name
check (ubuntu-latest)	Run actions/checkout@3d3c42e5aac5ba805825da76410c181273ba90b1	2026-09-18T20:09:07.4450031Z hint: to use in all of your new repositories, which will suppress this warning,
check (ubuntu-latest)	Run actions/checkout@3d3c42e5aac5ba805825da76410c181273ba90b1	2026-09-18T20:09:07.4451300Z hint: call:
check (ubuntu-latest)	Run actions/checkout@3d3c42e5aac5ba805825da76410c181273ba90b1	2026-09-18T20:09:07.4451723Z hint:
check (ubuntu-latest)	Run actions/checkout@3d3c42e5aac5ba805825da76410c181273ba90b1	2026-09-18T20:09:07.4452671Z hint: 	git config --global init.defaultBranch <name>
check (ubuntu-latest)	Run actions/checkout@3d3c42e5aac5ba805825da76410c181273ba90b1	2026-09-18T20:09:07.4453498Z hint:
check (ubuntu-latest)	Run actions/checkout@3d3c42e5aac5ba805825da76410c181273ba90b1	2026-09-18T20:09:07.4454107Z hint: Names commonly chosen instead of 'master' are 'main', 'trunk' and
check (ubuntu-latest)	Run actions/checkout@3d3c42e5aac5ba805825da76410c181273ba90b1	2026-09-18T20:09:07.4455262Z hint: 'development'. The just-created branch can be renamed via this command:
check (ubuntu-latest)	Run actions/checkout@3d3c42e5aac5ba805825da76410c181273ba90b1	2026-09-18T20:09:07.4456158Z hint:
check (ubuntu-latest)	Run actions/checkout@3d3c42e5aac5ba805825da76410c181273ba90b1	2026-09-18T20:09:07.4456597Z hint: 	git branch -m <name>
check (ubuntu-latest)	Run actions/checkout@3d3c42e5aac5ba805825da76410c181273ba90b1	2026-09-18T20:09:07.4457135Z hint:
check (ubuntu-latest)	Run actions/checkout@3d3c42e5aac5ba805825da76410c181273ba90b1	2026-09-18T20:09:07.4457933Z hint: Disable this message with "git config set advice.defaultBranchName false"
check (ubuntu-latest)	Run actions/checkout@3d3c42e5aac5ba805825da76410c181273ba90b1	2026-09-18T20:09:07.4458988Z Initialized empty Git repository in /home/runner/work/nisayon/nisayon/.git/
check (ubuntu-latest)	Run actions/checkout@3d3c42e5aac5ba805825da76410c181273ba90b1	2026-09-18T20:09:07.4461268Z [command]/usr/bin/git remote add origin https://github.com/manfromnowhere143/nisayon
check (ubuntu-latest)	Run actions/checkout@3d3c42e5aac5ba805825da76410c181273ba90b1	2026-09-18T20:09:07.4505137Z ##[endgroup]
check (ubuntu-latest)	Run actions/checkout@3d3c42e5aac5ba805825da76410c181273ba90b1	2026-09-18T20:09:07.4505929Z ##[group]Disabling automatic garbage collection
check (ubuntu-latest)	Run actions/checkout@3d3c42e5aac5ba805825da76410c181273ba90b1	2026-09-18T20:09:07.4508435Z [command]/usr/bin/git config --local gc.auto 0
check (ubuntu-latest)	Run actions/checkout@3d3c42e5aac5ba805825da76410c181273ba90b1	2026-09-18T20:09:07.4537029Z ##[endgroup]
check (ubuntu-latest)	Run actions/checkout@3d3c42e5aac5ba805825da76410c181273ba90b1	2026-09-18T20:09:07.4538248Z ##[group]Setting up auth
check (ubuntu-latest)	Run actions/checkout@3d3c42e5aac5ba805825da76410c181273ba90b1	2026-09-18T20:09:07.4539198Z Removing SSH command configuration
check (ubuntu-latest)	Run actions/checkout@3d3c42e5aac5ba805825da76410c181273ba90b1	2026-09-18T20:09:07.4542685Z [command]/usr/bin/git config --local --name-only --get-regexp core\.sshCommand
check (ubuntu-latest)	Run actions/checkout@3d3c42e5aac5ba805825da76410c181273ba90b1	2026-09-18T20:09:07.4572150Z [command]/usr/bin/git submodule foreach --recursive sh -c "git config --local --name-only --get-regexp 'core\.sshCommand' && git config --local --unset-all 'core.sshCommand' || :"
check (ubuntu-latest)	Run actions/checkout@3d3c42e5aac5ba805825da76410c181273ba90b1	2026-09-18T20:09:07.4896906Z Removing HTTP extra header
check (ubuntu-latest)	Run actions/checkout@3d3c42e5aac5ba805825da76410c181273ba90b1	2026-09-18T20:09:07.4902373Z [command]/usr/bin/git config --local --name-only --get-regexp http\.https\:\/\/github\.com\/\.extraheader
check (ubuntu-latest)	Run actions/checkout@3d3c42e5aac5ba805825da76410c181273ba90b1	2026-09-18T20:09:07.4931976Z [command]/usr/bin/git submodule foreach --recursive sh -c "git config --local --name-only --get-regexp 'http\.https\:\/\/github\.com\/\.extraheader' && git config --local --unset-all 'http.https://github.com/.extraheader' || :"
check (ubuntu-latest)	Run actions/checkout@3d3c42e5aac5ba805825da76410c181273ba90b1	2026-09-18T20:09:07.5157940Z Removing includeIf entries pointing to credentials config files
check (ubuntu-latest)	Run actions/checkout@3d3c42e5aac5ba805825da76410c181273ba90b1	2026-09-18T20:09:07.5163551Z [command]/usr/bin/git config --local --name-only --get-regexp ^includeIf\.gitdir:
check (ubuntu-latest)	Run actions/checkout@3d3c42e5aac5ba805825da76410c181273ba90b1	2026-09-18T20:09:07.5196691Z [command]/usr/bin/git submodule foreach --recursive git config --local --show-origin --name-only --get-regexp remote.origin.url
check (ubuntu-latest)	Run actions/checkout@3d3c42e5aac5ba805825da76410c181273ba90b1	2026-09-18T20:09:07.5450475Z [command]/usr/bin/git config --file /home/runner/work/_temp/git-credentials-7548c93e-559a-4ef6-ba96-e845d2ec43ab.config http.https://github.com/.extraheader AUTHORIZATION: basic ***
check (ubuntu-latest)	Run actions/checkout@3d3c42e5aac5ba805825da76410c181273ba90b1	2026-09-18T20:09:07.5495435Z [command]/usr/bin/git config --local includeIf.gitdir:/home/runner/work/nisayon/nisayon/.git.path /home/runner/work/_temp/git-credentials-7548c93e-559a-4ef6-ba96-e845d2ec43ab.config
check (ubuntu-latest)	Run actions/checkout@3d3c42e5aac5ba805825da76410c181273ba90b1	2026-09-18T20:09:07.5530153Z [command]/usr/bin/git config --local includeIf.gitdir:/home/runner/work/nisayon/nisayon/.git/worktrees/*.path /home/runner/work/_temp/git-credentials-7548c93e-559a-4ef6-ba96-e845d2ec43ab.config
check (ubuntu-latest)	Run actions/checkout@3d3c42e5aac5ba805825da76410c181273ba90b1	2026-09-18T20:09:07.5567401Z [command]/usr/bin/git config --local includeIf.gitdir:/github/workspace/.git.path /github/runner_temp/git-credentials-7548c93e-559a-4ef6-ba96-e845d2ec43ab.config
check (ubuntu-latest)	Run actions/checkout@3d3c42e5aac5ba805825da76410c181273ba90b1	2026-09-18T20:09:07.5604300Z [command]/usr/bin/git config --local includeIf.gitdir:/github/workspace/.git/worktrees/*.path /github/runner_temp/git-credentials-7548c93e-559a-4ef6-ba96-e845d2ec43ab.config
check (ubuntu-latest)	Run actions/checkout@3d3c42e5aac5ba805825da76410c181273ba90b1	2026-09-18T20:09:07.5634197Z ##[endgroup]
check (ubuntu-latest)	Run actions/checkout@3d3c42e5aac5ba805825da76410c181273ba90b1	2026-09-18T20:09:07.5634970Z ##[group]Fetching the repository
check (ubuntu-latest)	Run actions/checkout@3d3c42e5aac5ba805825da76410c181273ba90b1	2026-09-18T20:09:07.5644668Z [command]/usr/bin/git -c protocol.version=2 fetch --no-tags --prune --no-recurse-submodules --depth=1 origin +886710e819c218b89b61ea7a4899ef01d2f2cd24:refs/remotes/origin/main
check (ubuntu-latest)	Run actions/checkout@3d3c42e5aac5ba805825da76410c181273ba90b1	2026-09-18T20:09:08.8301660Z From https://github.com/manfromnowhere143/nisayon
check (ubuntu-latest)	Run actions/checkout@3d3c42e5aac5ba805825da76410c181273ba90b1	2026-09-18T20:09:08.8303666Z  * [new ref]         886710e819c218b89b61ea7a4899ef01d2f2cd24 -> origin/main
check (ubuntu-latest)	Run actions/checkout@3d3c42e5aac5ba805825da76410c181273ba90b1	2026-09-18T20:09:08.8319422Z [command]/usr/bin/git branch --list --remote origin/main
check (ubuntu-latest)	Run actions/checkout@3d3c42e5aac5ba805825da76410c181273ba90b1	2026-09-18T20:09:08.8338524Z   origin/main
check (ubuntu-latest)	Run actions/checkout@3d3c42e5aac5ba805825da76410c181273ba90b1	2026-09-18T20:09:08.8348814Z [command]/usr/bin/git rev-parse refs/remotes/origin/main
check (ubuntu-latest)	Run actions/checkout@3d3c42e5aac5ba805825da76410c181273ba90b1	2026-09-18T20:09:08.8373300Z 886710e819c218b89b61ea7a4899ef01d2f2cd24
check (ubuntu-latest)	Run actions/checkout@3d3c42e5aac5ba805825da76410c181273ba90b1	2026-09-18T20:09:08.8380701Z ##[endgroup]
check (ubuntu-latest)	Run actions/checkout@3d3c42e5aac5ba805825da76410c181273ba90b1	2026-09-18T20:09:08.8382153Z ##[group]Determining the checkout info
check (ubuntu-latest)	Run actions/checkout@3d3c42e5aac5ba805825da76410c181273ba90b1	2026-09-18T20:09:08.8383939Z ##[endgroup]
check (ubuntu-latest)	Run actions/checkout@3d3c42e5aac5ba805825da76410c181273ba90b1	2026-09-18T20:09:08.8384907Z [command]/usr/bin/git sparse-checkout disable
check (ubuntu-latest)	Run actions/checkout@3d3c42e5aac5ba805825da76410c181273ba90b1	2026-09-18T20:09:08.8434874Z [command]/usr/bin/git config --local --unset-all extensions.worktreeConfig
check (ubuntu-latest)	Run actions/checkout@3d3c42e5aac5ba805825da76410c181273ba90b1	2026-09-18T20:09:08.8464450Z ##[group]Checking out the ref
check (ubuntu-latest)	Run actions/checkout@3d3c42e5aac5ba805825da76410c181273ba90b1	2026-09-18T20:09:08.8469110Z [command]/usr/bin/git checkout --progress --force -B main refs/remotes/origin/main
check (ubuntu-latest)	Run actions/checkout@3d3c42e5aac5ba805825da76410c181273ba90b1	2026-09-18T20:09:09.2784125Z Switched to a new branch 'main'
check (ubuntu-latest)	Run actions/checkout@3d3c42e5aac5ba805825da76410c181273ba90b1	2026-09-18T20:09:09.2808688Z branch 'main' set up to track 'origin/main'.
check (ubuntu-latest)	Run actions/checkout@3d3c42e5aac5ba805825da76410c181273ba90b1	2026-09-18T20:09:09.2819295Z ##[endgroup]
check (ubuntu-latest)	Run actions/checkout@3d3c42e5aac5ba805825da76410c181273ba90b1	2026-09-18T20:09:09.2866238Z [command]/usr/bin/git log -1 --format=%H
check (ubuntu-latest)	Run actions/checkout@3d3c42e5aac5ba805825da76410c181273ba90b1	2026-09-18T20:09:09.2892930Z 886710e819c218b89b61ea7a4899ef01d2f2cd24
check (ubuntu-latest)	Run actions/checkout@3d3c42e5aac5ba805825da76410c181273ba90b1	2026-09-18T20:09:09.2902641Z ##[group]Removing auth
check (ubuntu-latest)	Run actions/checkout@3d3c42e5aac5ba805825da76410c181273ba90b1	2026-09-18T20:09:09.2903193Z Removing SSH command configuration
check (ubuntu-latest)	Run actions/checkout@3d3c42e5aac5ba805825da76410c181273ba90b1	2026-09-18T20:09:09.2906858Z [command]/usr/bin/git config --local --name-only --get-regexp core\.sshCommand
check (ubuntu-latest)	Run actions/checkout@3d3c42e5aac5ba805825da76410c181273ba90b1	2026-09-18T20:09:09.2940580Z [command]/usr/bin/git submodule foreach --recursive sh -c "git config --local --name-only --get-regexp 'core\.sshCommand' && git config --local --unset-all 'core.sshCommand' || :"
check (ubuntu-latest)	Run actions/checkout@3d3c42e5aac5ba805825da76410c181273ba90b1	2026-09-18T20:09:09.3166416Z Removing HTTP extra header
check (ubuntu-latest)	Run actions/checkout@3d3c42e5aac5ba805825da76410c181273ba90b1	2026-09-18T20:09:09.3170408Z [command]/usr/bin/git config --local --name-only --get-regexp http\.https\:\/\/github\.com\/\.extraheader
check (ubuntu-latest)	Run actions/checkout@3d3c42e5aac5ba805825da76410c181273ba90b1	2026-09-18T20:09:09.3201530Z [command]/usr/bin/git submodule foreach --recursive sh -c "git config --local --name-only --get-regexp 'http\.https\:\/\/github\.com\/\.extraheader' && git config --local --unset-all 'http.https://github.com/.extraheader' || :"
check (ubuntu-latest)	Run actions/checkout@3d3c42e5aac5ba805825da76410c181273ba90b1	2026-09-18T20:09:09.3421028Z Removing includeIf entries pointing to credentials config files
check (ubuntu-latest)	Run actions/checkout@3d3c42e5aac5ba805825da76410c181273ba90b1	2026-09-18T20:09:09.3424291Z [command]/usr/bin/git config --local --name-only --get-regexp ^includeIf\.gitdir:
check (ubuntu-latest)	Run actions/checkout@3d3c42e5aac5ba805825da76410c181273ba90b1	2026-09-18T20:09:09.3450696Z includeif.gitdir:/home/runner/work/nisayon/nisayon/.git.path
check (ubuntu-latest)	Run actions/checkout@3d3c42e5aac5ba805825da76410c181273ba90b1	2026-09-18T20:09:09.3451443Z includeif.gitdir:/home/runner/work/nisayon/nisayon/.git/worktrees/*.path
check (ubuntu-latest)	Run actions/checkout@3d3c42e5aac5ba805825da76410c181273ba90b1	2026-09-18T20:09:09.3451999Z includeif.gitdir:/github/workspace/.git.path
check (ubuntu-latest)	Run actions/checkout@3d3c42e5aac5ba805825da76410c181273ba90b1	2026-09-18T20:09:09.3452461Z includeif.gitdir:/github/workspace/.git/worktrees/*.path
check (ubuntu-latest)	Run actions/checkout@3d3c42e5aac5ba805825da76410c181273ba90b1	2026-09-18T20:09:09.3459686Z [command]/usr/bin/git config --local --get-all includeif.gitdir:/home/runner/work/nisayon/nisayon/.git.path
check (ubuntu-latest)	Run actions/checkout@3d3c42e5aac5ba805825da76410c181273ba90b1	2026-09-18T20:09:09.3482331Z /home/runner/work/_temp/git-credentials-7548c93e-559a-4ef6-ba96-e845d2ec43ab.config
check (ubuntu-latest)	Run actions/checkout@3d3c42e5aac5ba805825da76410c181273ba90b1	2026-09-18T20:09:09.3491367Z [command]/usr/bin/git config --local --unset includeif.gitdir:/home/runner/work/nisayon/nisayon/.git.path \/home\/runner\/work\/_temp\/git\-credentials\-7548c93e\-559a\-4ef6\-ba96\-e845d2ec43ab\.config
check (ubuntu-latest)	Run actions/checkout@3d3c42e5aac5ba805825da76410c181273ba90b1	2026-09-18T20:09:09.3530422Z [command]/usr/bin/git config --local --get-all includeif.gitdir:/home/runner/work/nisayon/nisayon/.git/worktrees/*.path
check (ubuntu-latest)	Run actions/checkout@3d3c42e5aac5ba805825da76410c181273ba90b1	2026-09-18T20:09:09.3553137Z /home/runner/work/_temp/git-credentials-7548c93e-559a-4ef6-ba96-e845d2ec43ab.config
check (ubuntu-latest)	Run actions/checkout@3d3c42e5aac5ba805825da76410c181273ba90b1	2026-09-18T20:09:09.3561944Z [command]/usr/bin/git config --local --unset includeif.gitdir:/home/runner/work/nisayon/nisayon/.git/worktrees/*.path \/home\/runner\/work\/_temp\/git\-credentials\-7548c93e\-559a\-4ef6\-ba96\-e845d2ec43ab\.config
check (ubuntu-latest)	Run actions/checkout@3d3c42e5aac5ba805825da76410c181273ba90b1	2026-09-18T20:09:09.3597036Z [command]/usr/bin/git config --local --get-all includeif.gitdir:/github/workspace/.git.path
check (ubuntu-latest)	Run actions/checkout@3d3c42e5aac5ba805825da76410c181273ba90b1	2026-09-18T20:09:09.3648839Z /github/runner_temp/git-credentials-7548c93e-559a-4ef6-ba96-e845d2ec43ab.config
check (ubuntu-latest)	Run actions/checkout@3d3c42e5aac5ba805825da76410c181273ba90b1	2026-09-18T20:09:09.3665015Z [command]/usr/bin/git config --local --unset includeif.gitdir:/github/workspace/.git.path \/github\/runner_temp\/git\-credentials\-7548c93e\-559a\-4ef6\-ba96\-e845d2ec43ab\.config
check (ubuntu-latest)	Run actions/checkout@3d3c42e5aac5ba805825da76410c181273ba90b1	2026-09-18T20:09:09.3709306Z [command]/usr/bin/git config --local --get-all includeif.gitdir:/github/workspace/.git/worktrees/*.path
check (ubuntu-latest)	Run actions/checkout@3d3c42e5aac5ba805825da76410c181273ba90b1	2026-09-18T20:09:09.3731824Z /github/runner_temp/git-credentials-7548c93e-559a-4ef6-ba96-e845d2ec43ab.config
check (ubuntu-latest)	Run actions/checkout@3d3c42e5aac5ba805825da76410c181273ba90b1	2026-09-18T20:09:09.3740830Z [command]/usr/bin/git config --local --unset includeif.gitdir:/github/workspace/.git/worktrees/*.path \/github\/runner_temp\/git\-credentials\-7548c93e\-559a\-4ef6\-ba96\-e845d2ec43ab\.config
check (ubuntu-latest)	Run actions/checkout@3d3c42e5aac5ba805825da76410c181273ba90b1	2026-09-18T20:09:09.3773421Z [command]/usr/bin/git submodule foreach --recursive git config --local --show-origin --name-only --get-regexp remote.origin.url
check (ubuntu-latest)	Run actions/checkout@3d3c42e5aac5ba805825da76410c181273ba90b1	2026-09-18T20:09:09.3989352Z Removing credentials config '/home/runner/work/_temp/git-credentials-7548c93e-559a-4ef6-ba96-e845d2ec43ab.config'
check (ubuntu-latest)	Run actions/checkout@3d3c42e5aac5ba805825da76410c181273ba90b1	2026-09-18T20:09:09.3997434Z ##[endgroup]
check (ubuntu-latest)	Run astral-sh/setup-uv@bec219d24cd3e171d82865faccec33120bb574f4	﻿2026-09-18T20:09:09.4335615Z ##[group]Run astral-sh/setup-uv@bec219d24cd3e171d82865faccec33120bb574f4
check (ubuntu-latest)	Run astral-sh/setup-uv@bec219d24cd3e171d82865faccec33120bb574f4	2026-09-18T20:09:09.4336135Z with:
check (ubuntu-latest)	Run astral-sh/setup-uv@bec219d24cd3e171d82865faccec33120bb574f4	2026-09-18T20:09:09.4336395Z   version: 0.11.28
check (ubuntu-latest)	Run astral-sh/setup-uv@bec219d24cd3e171d82865faccec33120bb574f4	2026-09-18T20:09:09.4336657Z   enable-cache: true
check (ubuntu-latest)	Run astral-sh/setup-uv@bec219d24cd3e171d82865faccec33120bb574f4	2026-09-18T20:09:09.4336943Z   activate-environment: false
check (ubuntu-latest)	Run astral-sh/setup-uv@bec219d24cd3e171d82865faccec33120bb574f4	2026-09-18T20:09:09.4337256Z   no-project: false
check (ubuntu-latest)	Run astral-sh/setup-uv@bec219d24cd3e171d82865faccec33120bb574f4	2026-09-18T20:09:09.4337577Z   working-directory: /home/runner/work/nisayon/nisayon
check (ubuntu-latest)	Run astral-sh/setup-uv@bec219d24cd3e171d82865faccec33120bb574f4	2026-09-18T20:09:09.4340505Z   github-token: ***
check (ubuntu-latest)	Run astral-sh/setup-uv@bec219d24cd3e171d82865faccec33120bb574f4	2026-09-18T20:09:09.4341145Z   cache-dependency-glob: **/*requirements*.txt
check (ubuntu-latest)	Run astral-sh/setup-uv@bec219d24cd3e171d82865faccec33120bb574f4	**/*requirements*.in
check (ubuntu-latest)	Run astral-sh/setup-uv@bec219d24cd3e171d82865faccec33120bb574f4	**/*constraints*.txt
check (ubuntu-latest)	Run astral-sh/setup-uv@bec219d24cd3e171d82865faccec33120bb574f4	**/*constraints*.in
check (ubuntu-latest)	Run astral-sh/setup-uv@bec219d24cd3e171d82865faccec33120bb574f4	**/pyproject.toml
check (ubuntu-latest)	Run astral-sh/setup-uv@bec219d24cd3e171d82865faccec33120bb574f4	**/uv.lock
check (ubuntu-latest)	Run astral-sh/setup-uv@bec219d24cd3e171d82865faccec33120bb574f4	**/*.py.lock
check (ubuntu-latest)	Run astral-sh/setup-uv@bec219d24cd3e171d82865faccec33120bb574f4	
check (ubuntu-latest)	Run astral-sh/setup-uv@bec219d24cd3e171d82865faccec33120bb574f4	2026-09-18T20:09:09.4341833Z   restore-cache: true
check (ubuntu-latest)	Run astral-sh/setup-uv@bec219d24cd3e171d82865faccec33120bb574f4	2026-09-18T20:09:09.4342095Z   save-cache: true
check (ubuntu-latest)	Run astral-sh/setup-uv@bec219d24cd3e171d82865faccec33120bb574f4	2026-09-18T20:09:09.4342348Z   prune-cache: false
check (ubuntu-latest)	Run astral-sh/setup-uv@bec219d24cd3e171d82865faccec33120bb574f4	2026-09-18T20:09:09.4342619Z   cache-python: false
check (ubuntu-latest)	Run astral-sh/setup-uv@bec219d24cd3e171d82865faccec33120bb574f4	2026-09-18T20:09:09.4342894Z   ignore-nothing-to-cache: false
check (ubuntu-latest)	Run astral-sh/setup-uv@bec219d24cd3e171d82865faccec33120bb574f4	2026-09-18T20:09:09.4343204Z   ignore-empty-workdir: false
check (ubuntu-latest)	Run astral-sh/setup-uv@bec219d24cd3e171d82865faccec33120bb574f4	2026-09-18T20:09:09.4343513Z   download-from-astral-mirror: true
check (ubuntu-latest)	Run astral-sh/setup-uv@bec219d24cd3e171d82865faccec33120bb574f4	2026-09-18T20:09:09.4343883Z   add-problem-matchers: true
check (ubuntu-latest)	Run astral-sh/setup-uv@bec219d24cd3e171d82865faccec33120bb574f4	2026-09-18T20:09:09.4344171Z   quiet: false
check (ubuntu-latest)	Run astral-sh/setup-uv@bec219d24cd3e171d82865faccec33120bb574f4	2026-09-18T20:09:09.4344435Z   resolution-strategy: highest
check (ubuntu-latest)	Run astral-sh/setup-uv@bec219d24cd3e171d82865faccec33120bb574f4	2026-09-18T20:09:09.4344731Z ##[endgroup]
check (ubuntu-latest)	Run astral-sh/setup-uv@bec219d24cd3e171d82865faccec33120bb574f4	2026-09-18T20:09:09.6170854Z Fetching manifest data from https://raw.githubusercontent.com/astral-sh/versions/main/v1/uv.ndjson ...
check (ubuntu-latest)	Run astral-sh/setup-uv@bec219d24cd3e171d82865faccec33120bb574f4	2026-09-18T20:09:09.6703784Z Downloading uv from "https://releases.astral.sh/github/uv/releases/download/0.11.28/uv-x86_64-unknown-linux-gnu.tar.gz" ...
check (ubuntu-latest)	Run astral-sh/setup-uv@bec219d24cd3e171d82865faccec33120bb574f4	2026-09-18T20:09:09.9279759Z [command]/usr/bin/tar xz --warning=no-unknown-keyword --overwrite -C /home/runner/work/_temp/346217af-bc4c-4de6-9ae8-444bccadadb3 -f /home/runner/work/_temp/37b08312-5fbb-4ac5-a5e0-be4568cd45c1
check (ubuntu-latest)	Run astral-sh/setup-uv@bec219d24cd3e171d82865faccec33120bb574f4	2026-09-18T20:09:10.4339542Z Added /home/runner/.local/bin to the path
check (ubuntu-latest)	Run astral-sh/setup-uv@bec219d24cd3e171d82865faccec33120bb574f4	2026-09-18T20:09:10.4344269Z Added /opt/hostedtoolcache/uv/0.11.28/x86_64 to the path
check (ubuntu-latest)	Run astral-sh/setup-uv@bec219d24cd3e171d82865faccec33120bb574f4	2026-09-18T20:09:10.4346243Z Set UV_PYTHON_INSTALL_DIR to /home/runner/work/_temp/uv-python-dir
check (ubuntu-latest)	Run astral-sh/setup-uv@bec219d24cd3e171d82865faccec33120bb574f4	2026-09-18T20:09:10.4347563Z Added /home/runner/work/_temp/uv-python-dir to the path
check (ubuntu-latest)	Run astral-sh/setup-uv@bec219d24cd3e171d82865faccec33120bb574f4	2026-09-18T20:09:10.4373286Z Set UV_CACHE_DIR to /home/runner/work/_temp/setup-uv-cache
check (ubuntu-latest)	Run astral-sh/setup-uv@bec219d24cd3e171d82865faccec33120bb574f4	2026-09-18T20:09:10.4375247Z Successfully installed uv version 0.11.28
check (ubuntu-latest)	Run astral-sh/setup-uv@bec219d24cd3e171d82865faccec33120bb574f4	2026-09-18T20:09:10.5793990Z Searching files using cache dependency glob: /home/runner/work/nisayon/nisayon/**/*requirements*.txt,/home/runner/work/nisayon/nisayon/**/*requirements*.in,/home/runner/work/nisayon/nisayon/**/*constraints*.txt,/home/runner/work/nisayon/nisayon/**/*constraints*.in,/home/runner/work/nisayon/nisayon/**/pyproject.toml,/home/runner/work/nisayon/nisayon/**/uv.lock,/home/runner/work/nisayon/nisayon/**/*.py.lock
check (ubuntu-latest)	Run astral-sh/setup-uv@bec219d24cd3e171d82865faccec33120bb574f4	2026-09-18T20:09:10.8089622Z /home/runner/work/nisayon/nisayon/pyproject.toml
check (ubuntu-latest)	Run astral-sh/setup-uv@bec219d24cd3e171d82865faccec33120bb574f4	2026-09-18T20:09:10.8259025Z /home/runner/work/nisayon/nisayon/uv.lock
check (ubuntu-latest)	Run astral-sh/setup-uv@bec219d24cd3e171d82865faccec33120bb574f4	2026-09-18T20:09:10.8288590Z Found 2 files to hash.
check (ubuntu-latest)	Run astral-sh/setup-uv@bec219d24cd3e171d82865faccec33120bb574f4	2026-09-18T20:09:10.8377050Z Trying to restore cache from GitHub Actions cache with key: setup-uv-2-x86_64-unknown-linux-gnu-ubuntu-24.04-unknown-ee4bf0131c9390b1a2325a37458117cd1e7e159f4b5359cd151ff26e61b27c06
check (ubuntu-latest)	Run astral-sh/setup-uv@bec219d24cd3e171d82865faccec33120bb574f4	2026-09-18T20:09:10.8808390Z No GitHub Actions cache found for key: setup-uv-2-x86_64-unknown-linux-gnu-ubuntu-24.04-unknown-ee4bf0131c9390b1a2325a37458117cd1e7e159f4b5359cd151ff26e61b27c06
check (ubuntu-latest)	Install ripgrep on Linux	﻿2026-09-18T20:09:10.9978843Z ##[group]Run sudo apt-get update
check (ubuntu-latest)	Install ripgrep on Linux	2026-09-18T20:09:10.9979479Z [36;1msudo apt-get update[0m
check (ubuntu-latest)	Install ripgrep on Linux	2026-09-18T20:09:10.9979881Z [36;1msudo apt-get install --yes --no-install-recommends ripgrep[0m
check (ubuntu-latest)	Install ripgrep on Linux	2026-09-18T20:09:11.0021211Z shell: /usr/bin/bash -e {0}
check (ubuntu-latest)	Install ripgrep on Linux	2026-09-18T20:09:11.0021494Z env:
check (ubuntu-latest)	Install ripgrep on Linux	2026-09-18T20:09:11.0021780Z   UV_PYTHON_INSTALL_DIR: /home/runner/work/_temp/uv-python-dir
check (ubuntu-latest)	Install ripgrep on Linux	2026-09-18T20:09:11.0022188Z   UV_CACHE_DIR: /home/runner/work/_temp/setup-uv-cache
check (ubuntu-latest)	Install ripgrep on Linux	2026-09-18T20:09:11.0022501Z ##[endgroup]
check (ubuntu-latest)	Install ripgrep on Linux	2026-09-18T20:09:11.0859577Z Get:1 file:/etc/apt/apt-mirrors.txt Mirrorlist [144 B]
check (ubuntu-latest)	Install ripgrep on Linux	2026-09-18T20:09:11.1173465Z Get:6 https://packages.microsoft.com/ubuntu/24.04/prod noble InRelease [3600 B]
check (ubuntu-latest)	Install ripgrep on Linux	2026-09-18T20:09:11.1547485Z Get:7 https://dl.google.com/linux/chrome-stable/deb stable InRelease [2548 B]
check (ubuntu-latest)	Install ripgrep on Linux	2026-09-18T20:09:11.1813054Z Get:8 https://packages.microsoft.com/ubuntu/24.04/prod noble/main arm64 Packages [429 kB]
check (ubuntu-latest)	Install ripgrep on Linux	2026-09-18T20:09:11.1885019Z Hit:2 http://azure.archive.ubuntu.com/ubuntu noble InRelease
check (ubuntu-latest)	Install ripgrep on Linux	2026-09-18T20:09:11.1897482Z Get:3 http://azure.archive.ubuntu.com/ubuntu noble-updates InRelease [126 kB]
check (ubuntu-latest)	Install ripgrep on Linux	2026-09-18T20:09:11.1941090Z Get:4 http://azure.archive.ubuntu.com/ubuntu noble-backports InRelease [126 kB]
check (ubuntu-latest)	Install ripgrep on Linux	2026-09-18T20:09:11.1973411Z Get:5 http://azure.archive.ubuntu.com/ubuntu noble-security InRelease [126 kB]
check (ubuntu-latest)	Install ripgrep on Linux	2026-09-18T20:09:11.2259642Z Get:9 https://packages.microsoft.com/ubuntu/24.04/prod noble/main amd64 Packages [478 kB]
check (ubuntu-latest)	Install ripgrep on Linux	2026-09-18T20:09:11.2716056Z Get:10 https://dl.google.com/linux/chrome-stable/deb stable/main amd64 Packages [1413 B]
check (ubuntu-latest)	Install ripgrep on Linux	2026-09-18T20:09:11.3701354Z Get:11 http://azure.archive.ubuntu.com/ubuntu noble-updates/main amd64 Packages [1275 kB]
check (ubuntu-latest)	Install ripgrep on Linux	2026-09-18T20:09:11.3773656Z Get:12 http://azure.archive.ubuntu.com/ubuntu noble-updates/main Translation-en [294 kB]
check (ubuntu-latest)	Install ripgrep on Linux	2026-09-18T20:09:11.3794785Z Get:13 http://azure.archive.ubuntu.com/ubuntu noble-updates/main amd64 Components [181 kB]
check (ubuntu-latest)	Install ripgrep on Linux	2026-09-18T20:09:11.3813646Z Get:14 http://azure.archive.ubuntu.com/ubuntu noble-updates/universe amd64 Packages [1689 kB]
check (ubuntu-latest)	Install ripgrep on Linux	2026-09-18T20:09:11.3898761Z Get:15 http://azure.archive.ubuntu.com/ubuntu noble-updates/universe Translation-en [338 kB]
check (ubuntu-latest)	Install ripgrep on Linux	2026-09-18T20:09:11.3944265Z Get:16 http://azure.archive.ubuntu.com/ubuntu noble-updates/universe amd64 Components [388 kB]
check (ubuntu-latest)	Install ripgrep on Linux	2026-09-18T20:09:11.3954842Z Get:17 http://azure.archive.ubuntu.com/ubuntu noble-updates/restricted amd64 Packages [1580 kB]
check (ubuntu-latest)	Install ripgrep on Linux	2026-09-18T20:09:11.4037020Z Get:18 http://azure.archive.ubuntu.com/ubuntu noble-updates/restricted Translation-en [359 kB]
check (ubuntu-latest)	Install ripgrep on Linux	2026-09-18T20:09:11.4066157Z Get:19 http://azure.archive.ubuntu.com/ubuntu noble-updates/multiverse amd64 Packages [45.7 kB]
check (ubuntu-latest)	Install ripgrep on Linux	2026-09-18T20:09:11.4075761Z Get:20 http://azure.archive.ubuntu.com/ubuntu noble-updates/multiverse Translation-en [13.1 kB]
check (ubuntu-latest)	Install ripgrep on Linux	2026-09-18T20:09:11.4503713Z Get:21 http://azure.archive.ubuntu.com/ubuntu noble-updates/multiverse amd64 Components [940 B]
check (ubuntu-latest)	Install ripgrep on Linux	2026-09-18T20:09:11.4515452Z Get:22 http://azure.archive.ubuntu.com/ubuntu noble-backports/main amd64 Packages [65.9 kB]
check (ubuntu-latest)	Install ripgrep on Linux	2026-09-18T20:09:11.4539743Z Get:23 http://azure.archive.ubuntu.com/ubuntu noble-backports/main amd64 Components [5748 B]
check (ubuntu-latest)	Install ripgrep on Linux	2026-09-18T20:09:11.4550741Z Get:24 http://azure.archive.ubuntu.com/ubuntu noble-backports/universe amd64 Packages [34.6 kB]
check (ubuntu-latest)	Install ripgrep on Linux	2026-09-18T20:09:11.4562726Z Get:25 http://azure.archive.ubuntu.com/ubuntu noble-backports/universe Translation-en [18.7 kB]
check (ubuntu-latest)	Install ripgrep on Linux	2026-09-18T20:09:11.4572239Z Get:26 http://azure.archive.ubuntu.com/ubuntu noble-backports/universe amd64 Components [12.6 kB]
check (ubuntu-latest)	Install ripgrep on Linux	2026-09-18T20:09:11.4823061Z Get:27 http://azure.archive.ubuntu.com/ubuntu noble-security/main amd64 Packages [1009 kB]
check (ubuntu-latest)	Install ripgrep on Linux	2026-09-18T20:09:11.4874004Z Get:28 http://azure.archive.ubuntu.com/ubuntu noble-security/main Translation-en [214 kB]
check (ubuntu-latest)	Install ripgrep on Linux	2026-09-18T20:09:11.4892725Z Get:29 http://azure.archive.ubuntu.com/ubuntu noble-security/main amd64 Components [46.4 kB]
check (ubuntu-latest)	Install ripgrep on Linux	2026-09-18T20:09:11.4903315Z Get:30 http://azure.archive.ubuntu.com/ubuntu noble-security/universe amd64 Packages [1208 kB]
check (ubuntu-latest)	Install ripgrep on Linux	2026-09-18T20:09:11.4959585Z Get:31 http://azure.archive.ubuntu.com/ubuntu noble-security/universe Translation-en [243 kB]
check (ubuntu-latest)	Install ripgrep on Linux	2026-09-18T20:09:11.4988318Z Get:32 http://azure.archive.ubuntu.com/ubuntu noble-security/universe amd64 Components [76.2 kB]
check (ubuntu-latest)	Install ripgrep on Linux	2026-09-18T20:09:11.4999360Z Get:33 http://azure.archive.ubuntu.com/ubuntu noble-security/restricted amd64 Packages [1449 kB]
check (ubuntu-latest)	Install ripgrep on Linux	2026-09-18T20:09:11.5084918Z Get:34 http://azure.archive.ubuntu.com/ubuntu noble-security/restricted Translation-en [336 kB]
check (ubuntu-latest)	Install ripgrep on Linux	2026-09-18T20:09:11.5582541Z Get:35 http://azure.archive.ubuntu.com/ubuntu noble-security/multiverse Translation-en [11.3 kB]
check (ubuntu-latest)	Install ripgrep on Linux	2026-09-18T20:09:15.8861396Z Fetched 12.2 MB in 1s (8585 kB/s)
check (ubuntu-latest)	Install ripgrep on Linux	2026-09-18T20:09:16.7345476Z Reading package lists...
check (ubuntu-latest)	Install ripgrep on Linux	2026-09-18T20:09:16.7645640Z Reading package lists...
check (ubuntu-latest)	Install ripgrep on Linux	2026-09-18T20:09:16.9707604Z Building dependency tree...
check (ubuntu-latest)	Install ripgrep on Linux	2026-09-18T20:09:16.9716339Z Reading state information...
check (ubuntu-latest)	Install ripgrep on Linux	2026-09-18T20:09:17.2077246Z The following NEW packages will be installed:
check (ubuntu-latest)	Install ripgrep on Linux	2026-09-18T20:09:17.2078724Z   ripgrep
check (ubuntu-latest)	Install ripgrep on Linux	2026-09-18T20:09:17.2268860Z 0 upgraded, 1 newly installed, 0 to remove and 73 not upgraded.
check (ubuntu-latest)	Install ripgrep on Linux	2026-09-18T20:09:17.2269380Z Need to get 1551 kB of archives.
check (ubuntu-latest)	Install ripgrep on Linux	2026-09-18T20:09:17.2269752Z After this operation, 5335 kB of additional disk space will be used.
check (ubuntu-latest)	Install ripgrep on Linux	2026-09-18T20:09:17.2270183Z Get:1 file:/etc/apt/apt-mirrors.txt Mirrorlist [144 B]
check (ubuntu-latest)	Install ripgrep on Linux	2026-09-18T20:09:17.2493830Z Get:2 http://azure.archive.ubuntu.com/ubuntu noble/universe amd64 ripgrep amd64 14.1.0-1 [1551 kB]
check (ubuntu-latest)	Install ripgrep on Linux	2026-09-18T20:09:17.9571474Z Fetched 1551 kB in 0s (16.3 MB/s)
check (ubuntu-latest)	Install ripgrep on Linux	2026-09-18T20:09:18.2483975Z Selecting previously unselected package ripgrep.
check (ubuntu-latest)	Install ripgrep on Linux	2026-09-18T20:09:18.2778420Z (Reading database ... 
check (ubuntu-latest)	Install ripgrep on Linux	2026-09-18T20:09:18.2779213Z (Reading database ... 5%
check (ubuntu-latest)	Install ripgrep on Linux	2026-09-18T20:09:18.2779575Z (Reading database ... 10%
check (ubuntu-latest)	Install ripgrep on Linux	2026-09-18T20:09:18.2779958Z (Reading database ... 15%
check (ubuntu-latest)	Install ripgrep on Linux	2026-09-18T20:09:18.2780400Z (Reading database ... 20%
check (ubuntu-latest)	Install ripgrep on Linux	2026-09-18T20:09:18.2780813Z (Reading database ... 25%
check (ubuntu-latest)	Install ripgrep on Linux	2026-09-18T20:09:18.2781207Z (Reading database ... 30%
check (ubuntu-latest)	Install ripgrep on Linux	2026-09-18T20:09:18.2781648Z (Reading database ... 35%
check (ubuntu-latest)	Install ripgrep on Linux	2026-09-18T20:09:18.2782096Z (Reading database ... 40%
check (ubuntu-latest)	Install ripgrep on Linux	2026-09-18T20:09:18.2782592Z (Reading database ... 45%
check (ubuntu-latest)	Install ripgrep on Linux	2026-09-18T20:09:18.2783004Z (Reading database ... 50%
check (ubuntu-latest)	Install ripgrep on Linux	2026-09-18T20:09:18.2837324Z (Reading database ... 55%
check (ubuntu-latest)	Install ripgrep on Linux	2026-09-18T20:09:18.4197120Z (Reading database ... 60%
check (ubuntu-latest)	Install ripgrep on Linux	2026-09-18T20:09:18.5965088Z (Reading database ... 65%
check (ubuntu-latest)	Install ripgrep on Linux	2026-09-18T20:09:18.7668745Z (Reading database ... 70%
check (ubuntu-latest)	Install ripgrep on Linux	2026-09-18T20:09:18.9573217Z (Reading database ... 75%
check (ubuntu-latest)	Install ripgrep on Linux	2026-09-18T20:09:19.4021959Z (Reading database ... 80%
check (ubuntu-latest)	Install ripgrep on Linux	2026-09-18T20:09:19.6041911Z (Reading database ... 85%
check (ubuntu-latest)	Install ripgrep on Linux	2026-09-18T20:09:19.7940274Z (Reading database ... 90%
check (ubuntu-latest)	Install ripgrep on Linux	2026-09-18T20:09:20.0065703Z (Reading database ... 95%
check (ubuntu-latest)	Install ripgrep on Linux	2026-09-18T20:09:20.0066377Z (Reading database ... 100%
check (ubuntu-latest)	Install ripgrep on Linux	2026-09-18T20:09:20.0067163Z (Reading database ... 201818 files and directories currently installed.)
check (ubuntu-latest)	Install ripgrep on Linux	2026-09-18T20:09:20.0108610Z Preparing to unpack .../ripgrep_14.1.0-1_amd64.deb ...
check (ubuntu-latest)	Install ripgrep on Linux	2026-09-18T20:09:20.0144971Z Unpacking ripgrep (14.1.0-1) ...
check (ubuntu-latest)	Install ripgrep on Linux	2026-09-18T20:09:20.0829563Z Setting up ripgrep (14.1.0-1) ...
check (ubuntu-latest)	Install ripgrep on Linux	2026-09-18T20:09:20.0861766Z Processing triggers for man-db (2.12.0-4build2) ...
check (ubuntu-latest)	Install ripgrep on Linux	2026-09-18T20:09:20.0885391Z Not building database; man-db/auto-update is not 'true'.
check (ubuntu-latest)	Install ripgrep on Linux	2026-09-18T20:09:20.7208881Z 
check (ubuntu-latest)	Install ripgrep on Linux	2026-09-18T20:09:20.7209621Z Running kernel seems to be up-to-date.
check (ubuntu-latest)	Install ripgrep on Linux	2026-09-18T20:09:20.7210114Z 
check (ubuntu-latest)	Install ripgrep on Linux	2026-09-18T20:09:20.7210341Z No services need to be restarted.
check (ubuntu-latest)	Install ripgrep on Linux	2026-09-18T20:09:20.7210710Z 
check (ubuntu-latest)	Install ripgrep on Linux	2026-09-18T20:09:20.7210940Z No containers need to be restarted.
check (ubuntu-latest)	Install ripgrep on Linux	2026-09-18T20:09:20.7211323Z 
check (ubuntu-latest)	Install ripgrep on Linux	2026-09-18T20:09:20.7211579Z No user sessions are running outdated binaries.
check (ubuntu-latest)	Install ripgrep on Linux	2026-09-18T20:09:20.7212044Z 
check (ubuntu-latest)	Install ripgrep on Linux	2026-09-18T20:09:20.7212472Z No VM guests are running outdated hypervisor (qemu) binaries on this host.
check (ubuntu-latest)	Run rg --version	﻿2026-09-18T20:09:21.7335994Z ##[group]Run rg --version
check (ubuntu-latest)	Run rg --version	2026-09-18T20:09:21.7336293Z [36;1mrg --version[0m
check (ubuntu-latest)	Run rg --version	2026-09-18T20:09:21.7373076Z shell: /usr/bin/bash -e {0}
check (ubuntu-latest)	Run rg --version	2026-09-18T20:09:21.7373329Z env:
check (ubuntu-latest)	Run rg --version	2026-09-18T20:09:21.7373609Z   UV_PYTHON_INSTALL_DIR: /home/runner/work/_temp/uv-python-dir
check (ubuntu-latest)	Run rg --version	2026-09-18T20:09:21.7374018Z   UV_CACHE_DIR: /home/runner/work/_temp/setup-uv-cache
check (ubuntu-latest)	Run rg --version	2026-09-18T20:09:21.7374501Z ##[endgroup]
check (ubuntu-latest)	Run rg --version	2026-09-18T20:09:21.7442442Z ripgrep 14.1.0
check (ubuntu-latest)	Run rg --version	2026-09-18T20:09:21.7442710Z 
check (ubuntu-latest)	Run rg --version	2026-09-18T20:09:21.7442897Z features:-simd-accel,+pcre2
check (ubuntu-latest)	Run rg --version	2026-09-18T20:09:21.7443422Z simd(compile):+SSE2,-SSSE3,-AVX2
check (ubuntu-latest)	Run rg --version	2026-09-18T20:09:21.7443893Z simd(runtime):+SSE2,+SSSE3,+AVX2
check (ubuntu-latest)	Run rg --version	2026-09-18T20:09:21.7444184Z 
check (ubuntu-latest)	Run rg --version	2026-09-18T20:09:21.7444384Z PCRE2 10.42 is available (JIT is available)
check (ubuntu-latest)	Run uv sync --frozen	﻿2026-09-18T20:09:21.7471520Z ##[group]Run uv sync --frozen
check (ubuntu-latest)	Run uv sync --frozen	2026-09-18T20:09:21.7471810Z [36;1muv sync --frozen[0m
check (ubuntu-latest)	Run uv sync --frozen	2026-09-18T20:09:21.7505170Z shell: /usr/bin/bash -e {0}
check (ubuntu-latest)	Run uv sync --frozen	2026-09-18T20:09:21.7505415Z env:
check (ubuntu-latest)	Run uv sync --frozen	2026-09-18T20:09:21.7505692Z   UV_PYTHON_INSTALL_DIR: /home/runner/work/_temp/uv-python-dir
check (ubuntu-latest)	Run uv sync --frozen	2026-09-18T20:09:21.7506097Z   UV_CACHE_DIR: /home/runner/work/_temp/setup-uv-cache
check (ubuntu-latest)	Run uv sync --frozen	2026-09-18T20:09:21.7506395Z ##[endgroup]
check (ubuntu-latest)	Run uv sync --frozen	2026-09-18T20:09:21.8705835Z Downloading cpython-3.12.13-linux-x86_64-gnu (download) (32.6MiB)
check (ubuntu-latest)	Run uv sync --frozen	2026-09-18T20:09:22.7514846Z  Downloaded cpython-3.12.13-linux-x86_64-gnu (download)
check (ubuntu-latest)	Run uv sync --frozen	2026-09-18T20:09:22.8891792Z Using CPython 3.12.13
check (ubuntu-latest)	Run uv sync --frozen	2026-09-18T20:09:22.8892431Z Creating virtual environment at: .venv
check (ubuntu-latest)	Run uv sync --frozen	2026-09-18T20:09:22.9052174Z    Building nisayon-workspace @ file:///home/runner/work/nisayon/nisayon
check (ubuntu-latest)	Run uv sync --frozen	2026-09-18T20:09:22.9075832Z       Built nisayon-workspace @ file:///home/runner/work/nisayon/nisayon
check (ubuntu-latest)	Run uv sync --frozen	2026-09-18T20:09:22.9250855Z Downloading pygments (1.2MiB)
check (ubuntu-latest)	Run uv sync --frozen	2026-09-18T20:09:22.9269028Z Downloading pydantic-core (2.0MiB)
check (ubuntu-latest)	Run uv sync --frozen	2026-09-18T20:09:22.9269518Z Downloading ruff (9.8MiB)
check (ubuntu-latest)	Run uv sync --frozen	2026-09-18T20:09:22.9269803Z Downloading cryptography (4.5MiB)
check (ubuntu-latest)	Run uv sync --frozen	2026-09-18T20:09:23.0883243Z  Downloaded pydantic-core
check (ubuntu-latest)	Run uv sync --frozen	2026-09-18T20:09:23.1667639Z  Downloaded ruff
check (ubuntu-latest)	Run uv sync --frozen	2026-09-18T20:09:23.1877596Z  Downloaded cryptography
check (ubuntu-latest)	Run uv sync --frozen	2026-09-18T20:09:23.2130890Z  Downloaded pygments
check (ubuntu-latest)	Run uv sync --frozen	2026-09-18T20:09:23.2133271Z Prepared 35 packages in 318ms
check (ubuntu-latest)	Run uv sync --frozen	2026-09-18T20:09:23.2363544Z Installed 35 packages in 22ms
check (ubuntu-latest)	Run uv sync --frozen	2026-09-18T20:09:23.2364223Z  + annotated-types==0.8.0
check (ubuntu-latest)	Run uv sync --frozen	2026-09-18T20:09:23.2364625Z  + anyio==4.15.1
check (ubuntu-latest)	Run uv sync --frozen	2026-09-18T20:09:23.2364978Z  + attrs==26.1.0
check (ubuntu-latest)	Run uv sync --frozen	2026-09-18T20:09:23.2365322Z  + cffi==2.1.1
check (ubuntu-latest)	Run uv sync --frozen	2026-09-18T20:09:23.2365686Z  + click==8.5.0
check (ubuntu-latest)	Run uv sync --frozen	2026-09-18T20:09:23.2366033Z  + cryptography==50.0.1
check (ubuntu-latest)	Run uv sync --frozen	2026-09-18T20:09:23.2366405Z  + h11==0.16.0
check (ubuntu-latest)	Run uv sync --frozen	2026-09-18T20:09:23.2366728Z  + httpcore2==2.13.0
check (ubuntu-latest)	Run uv sync --frozen	2026-09-18T20:09:23.2367080Z  + httpx2==2.13.0
check (ubuntu-latest)	Run uv sync --frozen	2026-09-18T20:09:23.2367405Z  + idna==3.20
check (ubuntu-latest)	Run uv sync --frozen	2026-09-18T20:09:23.2367925Z  + iniconfig==2.3.0
check (ubuntu-latest)	Run uv sync --frozen	2026-09-18T20:09:23.2368295Z  + jsonschema==4.26.0
check (ubuntu-latest)	Run uv sync --frozen	2026-09-18T20:09:23.2368861Z  + jsonschema-specifications==2025.9.1
check (ubuntu-latest)	Run uv sync --frozen	2026-09-18T20:09:23.2369345Z  + mcp==2.2.0
check (ubuntu-latest)	Run uv sync --frozen	2026-09-18T20:09:23.2369668Z  + mcp-types==2.2.0
check (ubuntu-latest)	Run uv sync --frozen	2026-09-18T20:09:23.2370239Z  + nisayon-workspace==0.1.0 (from file:///home/runner/work/nisayon/nisayon)
check (ubuntu-latest)	Run uv sync --frozen	2026-09-18T20:09:23.2370950Z  + opentelemetry-api==1.44.0
check (ubuntu-latest)	Run uv sync --frozen	2026-09-18T20:09:23.2371373Z  + packaging==26.3
check (ubuntu-latest)	Run uv sync --frozen	2026-09-18T20:09:23.2371709Z  + pluggy==1.6.0
check (ubuntu-latest)	Run uv sync --frozen	2026-09-18T20:09:23.2372046Z  + pycparser==3.0
check (ubuntu-latest)	Run uv sync --frozen	2026-09-18T20:09:23.2372385Z  + pydantic==2.13.5
check (ubuntu-latest)	Run uv sync --frozen	2026-09-18T20:09:23.2372754Z  + pydantic-core==2.46.5
check (ubuntu-latest)	Run uv sync --frozen	2026-09-18T20:09:23.2373135Z  + pygments==2.21.0
check (ubuntu-latest)	Run uv sync --frozen	2026-09-18T20:09:23.2373482Z  + pyjwt==2.14.0
check (ubuntu-latest)	Run uv sync --frozen	2026-09-18T20:09:23.2373821Z  + pytest==9.1.1
check (ubuntu-latest)	Run uv sync --frozen	2026-09-18T20:09:23.2374174Z  + python-multipart==0.0.32
check (ubuntu-latest)	Run uv sync --frozen	2026-09-18T20:09:23.2374573Z  + referencing==0.37.0
check (ubuntu-latest)	Run uv sync --frozen	2026-09-18T20:09:23.2374943Z  + rpds-py==2026.6.3
check (ubuntu-latest)	Run uv sync --frozen	2026-09-18T20:09:23.2375283Z  + ruff==0.16.8
check (ubuntu-latest)	Run uv sync --frozen	2026-09-18T20:09:23.2375627Z  + sse-starlette==3.4.11
check (ubuntu-latest)	Run uv sync --frozen	2026-09-18T20:09:23.2376005Z  + starlette==1.6.0
check (ubuntu-latest)	Run uv sync --frozen	2026-09-18T20:09:23.2376367Z  + truststore==0.10.4
check (ubuntu-latest)	Run uv sync --frozen	2026-09-18T20:09:23.2376755Z  + typing-extensions==4.16.0
check (ubuntu-latest)	Run uv sync --frozen	2026-09-18T20:09:23.2377175Z  + typing-inspection==0.4.4
check (ubuntu-latest)	Run uv sync --frozen	2026-09-18T20:09:23.2377565Z  + uvicorn==0.53.0
check (ubuntu-latest)	Run make check	﻿2026-09-18T20:09:23.2447297Z ##[group]Run make check
check (ubuntu-latest)	Run make check	2026-09-18T20:09:23.2447589Z [36;1mmake check[0m
check (ubuntu-latest)	Run make check	2026-09-18T20:09:23.2484093Z shell: /usr/bin/bash -e {0}
check (ubuntu-latest)	Run make check	2026-09-18T20:09:23.2484351Z env:
check (ubuntu-latest)	Run make check	2026-09-18T20:09:23.2484633Z   UV_PYTHON_INSTALL_DIR: /home/runner/work/_temp/uv-python-dir
check (ubuntu-latest)	Run make check	2026-09-18T20:09:23.2485036Z   UV_CACHE_DIR: /home/runner/work/_temp/setup-uv-cache
check (ubuntu-latest)	Run make check	2026-09-18T20:09:23.2485345Z ##[endgroup]
check (ubuntu-latest)	Run make check	2026-09-18T20:09:23.2563994Z uv run --frozen ruff check .
check (ubuntu-latest)	Run make check	2026-09-18T20:09:23.4392066Z All checks passed!
check (ubuntu-latest)	Run make check	2026-09-18T20:09:23.4412600Z uv run --frozen ruff format --check .
check (ubuntu-latest)	Run make check	2026-09-18T20:09:23.4983242Z 182 files already formatted
check (ubuntu-latest)	Run make check	2026-09-18T20:09:23.5008277Z uv run --frozen pytest
check (ubuntu-latest)	Run make check	2026-09-18T20:09:26.5414351Z ........................................................................ [ 19%]
check (ubuntu-latest)	Run make check	2026-09-18T20:09:45.8210484Z ..................ssss............s..................................... [ 38%]
check (ubuntu-latest)	Run make check	2026-09-18T20:10:13.8146764Z ........................................................................ [ 58%]
check (ubuntu-latest)	Run make check	2026-09-18T20:11:14.9786965Z ...............................................................s..ss.... [ 77%]
check (ubuntu-latest)	Run make check	2026-09-18T20:11:55.6084521Z .................s.s...................sss.............................. [ 96%]
check (ubuntu-latest)	Run make check	2026-09-18T20:11:55.9325521Z ............                                                             [100%]
check (ubuntu-latest)	Run make check	2026-09-18T20:11:55.9326152Z 359 passed, 14 skipped in 151.43s (0:02:31)
check (ubuntu-latest)	Run make check	2026-09-18T20:11:56.0892454Z uv run --frozen python scripts/check_docs.py
check (ubuntu-latest)	Run make check	2026-09-18T20:11:56.1565996Z {
check (ubuntu-latest)	Run make check	2026-09-18T20:11:56.1566481Z   "documents": 58,
check (ubuntu-latest)	Run make check	2026-09-18T20:11:56.1566865Z   "mermaid_blocks": 3,
check (ubuntu-latest)	Run make check	2026-09-18T20:11:56.1567166Z   "errors": [],
check (ubuntu-latest)	Run make check	2026-09-18T20:11:56.1567598Z   "scope": "local file links and code fences; Mermaid rendering is separate"
check (ubuntu-latest)	Run make check	2026-09-18T20:11:56.1568535Z }
check (ubuntu-latest)	Post Run astral-sh/setup-uv@bec219d24cd3e171d82865faccec33120bb574f4	﻿2026-09-18T20:11:56.1764899Z Post job cleanup.
check (ubuntu-latest)	Post Run astral-sh/setup-uv@bec219d24cd3e171d82865faccec33120bb574f4	2026-09-18T20:11:56.2901440Z UV_CACHE_DIR is already set to /home/runner/work/_temp/setup-uv-cache
check (ubuntu-latest)	Post Run astral-sh/setup-uv@bec219d24cd3e171d82865faccec33120bb574f4	2026-09-18T20:11:56.2926292Z UV_PYTHON_INSTALL_DIR is already set to /home/runner/work/_temp/uv-python-dir
check (ubuntu-latest)	Post Run astral-sh/setup-uv@bec219d24cd3e171d82865faccec33120bb574f4	2026-09-18T20:11:56.2927062Z Including uv cache path: /home/runner/work/_temp/setup-uv-cache
check (ubuntu-latest)	Post Run astral-sh/setup-uv@bec219d24cd3e171d82865faccec33120bb574f4	2026-09-18T20:11:56.3096316Z [command]/usr/bin/tar --posix -cf cache.tzst --exclude cache.tzst -P -C /home/runner/work/nisayon/nisayon --files-from manifest.txt --use-compress-program zstdmt
check (ubuntu-latest)	Post Run astral-sh/setup-uv@bec219d24cd3e171d82865faccec33120bb574f4	2026-09-18T20:11:57.0538824Z Sent 20482701 of 20482701 (100.0%), 46.8 MBs/sec
check (ubuntu-latest)	Post Run astral-sh/setup-uv@bec219d24cd3e171d82865faccec33120bb574f4	2026-09-18T20:11:57.1380288Z uv cache saved with key: setup-uv-2-x86_64-unknown-linux-gnu-ubuntu-24.04-unknown-ee4bf0131c9390b1a2325a37458117cd1e7e159f4b5359cd151ff26e61b27c06
check (ubuntu-latest)	Post Run actions/checkout@3d3c42e5aac5ba805825da76410c181273ba90b1	﻿2026-09-18T20:11:57.2532840Z Post job cleanup.
check (ubuntu-latest)	Post Run actions/checkout@3d3c42e5aac5ba805825da76410c181273ba90b1	2026-09-18T20:11:57.3357924Z [command]/usr/bin/git version
check (ubuntu-latest)	Post Run actions/checkout@3d3c42e5aac5ba805825da76410c181273ba90b1	2026-09-18T20:11:57.3396580Z git version 2.55.0
check (ubuntu-latest)	Post Run actions/checkout@3d3c42e5aac5ba805825da76410c181273ba90b1	2026-09-18T20:11:57.3441575Z Temporarily overriding HOME='/home/runner/work/_temp/24f98cb2-8346-452c-b727-e47de161e0d4' before making global git config changes
check (ubuntu-latest)	Post Run actions/checkout@3d3c42e5aac5ba805825da76410c181273ba90b1	2026-09-18T20:11:57.3442413Z Adding repository directory to the temporary git global config as a safe directory
check (ubuntu-latest)	Post Run actions/checkout@3d3c42e5aac5ba805825da76410c181273ba90b1	2026-09-18T20:11:57.3447448Z [command]/usr/bin/git config --global --add safe.directory /home/runner/work/nisayon/nisayon
check (ubuntu-latest)	Post Run actions/checkout@3d3c42e5aac5ba805825da76410c181273ba90b1	2026-09-18T20:11:57.3479513Z Removing SSH command configuration
check (ubuntu-latest)	Post Run actions/checkout@3d3c42e5aac5ba805825da76410c181273ba90b1	2026-09-18T20:11:57.3485782Z [command]/usr/bin/git config --local --name-only --get-regexp core\.sshCommand
check (ubuntu-latest)	Post Run actions/checkout@3d3c42e5aac5ba805825da76410c181273ba90b1	2026-09-18T20:11:57.3521908Z [command]/usr/bin/git submodule foreach --recursive sh -c "git config --local --name-only --get-regexp 'core\.sshCommand' && git config --local --unset-all 'core.sshCommand' || :"
check (ubuntu-latest)	Post Run actions/checkout@3d3c42e5aac5ba805825da76410c181273ba90b1	2026-09-18T20:11:57.3745125Z Removing HTTP extra header
check (ubuntu-latest)	Post Run actions/checkout@3d3c42e5aac5ba805825da76410c181273ba90b1	2026-09-18T20:11:57.3750427Z [command]/usr/bin/git config --local --name-only --get-regexp http\.https\:\/\/github\.com\/\.extraheader
check (ubuntu-latest)	Post Run actions/checkout@3d3c42e5aac5ba805825da76410c181273ba90b1	2026-09-18T20:11:57.3784473Z [command]/usr/bin/git submodule foreach --recursive sh -c "git config --local --name-only --get-regexp 'http\.https\:\/\/github\.com\/\.extraheader' && git config --local --unset-all 'http.https://github.com/.extraheader' || :"
check (ubuntu-latest)	Post Run actions/checkout@3d3c42e5aac5ba805825da76410c181273ba90b1	2026-09-18T20:11:57.4001257Z Removing includeIf entries pointing to credentials config files
check (ubuntu-latest)	Post Run actions/checkout@3d3c42e5aac5ba805825da76410c181273ba90b1	2026-09-18T20:11:57.4007637Z [command]/usr/bin/git config --local --name-only --get-regexp ^includeIf\.gitdir:
check (ubuntu-latest)	Post Run actions/checkout@3d3c42e5aac5ba805825da76410c181273ba90b1	2026-09-18T20:11:57.4039061Z [command]/usr/bin/git submodule foreach --recursive git config --local --show-origin --name-only --get-regexp remote.origin.url
check (ubuntu-latest)	Complete job	﻿2026-09-18T20:11:57.4391807Z Cleaning up orphan processes
check (macos-latest)	Set up job	﻿2026-09-18T20:09:11.4332960Z Current runner version: '2.337.0'
check (macos-latest)	Set up job	2026-09-18T20:09:11.4353950Z ##[group]Runner Image Provisioner
check (macos-latest)	Set up job	2026-09-18T20:09:11.4354540Z Hosted Compute Agent
check (macos-latest)	Set up job	2026-09-18T20:09:11.4354940Z Version: 20260828.587
check (macos-latest)	Set up job	2026-09-18T20:09:11.4355360Z Commit: abac92662cab4cc7352de4f9f9d2e2419aad9c29
check (macos-latest)	Set up job	2026-09-18T20:09:11.4355850Z Build Date: 2026-08-28T16:44:25Z
check (macos-latest)	Set up job	2026-09-18T20:09:11.4356310Z Worker ID: {eddcb4e1-4ba8-4da9-ad11-defac6ec13f6}
check (macos-latest)	Set up job	2026-09-18T20:09:11.4356770Z Azure Region: westus
check (macos-latest)	Set up job	2026-09-18T20:09:11.4357140Z ##[endgroup]
check (macos-latest)	Set up job	2026-09-18T20:09:11.4358090Z ##[group]Operating System
check (macos-latest)	Set up job	2026-09-18T20:09:11.4358480Z macOS
check (macos-latest)	Set up job	2026-09-18T20:09:11.4358810Z 26.6.2
check (macos-latest)	Set up job	2026-09-18T20:09:11.4359150Z 25G83
check (macos-latest)	Set up job	2026-09-18T20:09:11.4359500Z ##[endgroup]
check (macos-latest)	Set up job	2026-09-18T20:09:11.4359890Z ##[group]Runner Image
check (macos-latest)	Set up job	2026-09-18T20:09:11.4360480Z Image: macos-26-arm64
check (macos-latest)	Set up job	2026-09-18T20:09:11.4361050Z Version: 20260907.0351.1
check (macos-latest)	Set up job	2026-09-18T20:09:11.4362100Z Included Software: https://github.com/actions/runner-images/blob/macos-26-arm64/20260907.0351/images/macos/macos-26-arm64-Readme.md
check (macos-latest)	Set up job	2026-09-18T20:09:11.4363820Z Image Release: https://github.com/actions/runner-images/releases/tag/macos-26-arm64%2F20260907.0351
check (macos-latest)	Set up job	2026-09-18T20:09:11.4364890Z ##[endgroup]
check (macos-latest)	Set up job	2026-09-18T20:09:11.4366030Z ##[group]GITHUB_TOKEN Permissions
check (macos-latest)	Set up job	2026-09-18T20:09:11.4368020Z Contents: read
check (macos-latest)	Set up job	2026-09-18T20:09:11.4368430Z Metadata: read
check (macos-latest)	Set up job	2026-09-18T20:09:11.4368890Z ##[endgroup]
check (macos-latest)	Set up job	2026-09-18T20:09:11.4370910Z Secret source: Actions
check (macos-latest)	Set up job	2026-09-18T20:09:11.4371570Z Cache mode: write
check (macos-latest)	Set up job	2026-09-18T20:09:11.4372030Z Prepare workflow directory
check (macos-latest)	Set up job	2026-09-18T20:09:11.4632370Z Prepare all required actions
check (macos-latest)	Set up job	2026-09-18T20:09:11.4670010Z Getting action download info
check (macos-latest)	Set up job	2026-09-18T20:09:11.6209300Z Download action repository 'actions/checkout@3d3c42e5aac5ba805825da76410c181273ba90b1' (SHA:3d3c42e5aac5ba805825da76410c181273ba90b1)
check (macos-latest)	Set up job	2026-09-18T20:09:11.8636200Z Download action repository 'astral-sh/setup-uv@bec219d24cd3e171d82865faccec33120bb574f4' (SHA:bec219d24cd3e171d82865faccec33120bb574f4)
check (macos-latest)	Set up job	2026-09-18T20:09:12.9243060Z Complete job name: check (macos-latest)
check (macos-latest)	Run actions/checkout@3d3c42e5aac5ba805825da76410c181273ba90b1	﻿2026-09-18T20:09:12.9793160Z ##[group]Run actions/checkout@3d3c42e5aac5ba805825da76410c181273ba90b1
check (macos-latest)	Run actions/checkout@3d3c42e5aac5ba805825da76410c181273ba90b1	2026-09-18T20:09:12.9794060Z with:
check (macos-latest)	Run actions/checkout@3d3c42e5aac5ba805825da76410c181273ba90b1	2026-09-18T20:09:12.9794430Z   persist-credentials: false
check (macos-latest)	Run actions/checkout@3d3c42e5aac5ba805825da76410c181273ba90b1	2026-09-18T20:09:12.9794870Z   repository: manfromnowhere143/nisayon
check (macos-latest)	Run actions/checkout@3d3c42e5aac5ba805825da76410c181273ba90b1	2026-09-18T20:09:12.9797970Z   token: ***
check (macos-latest)	Run actions/checkout@3d3c42e5aac5ba805825da76410c181273ba90b1	2026-09-18T20:09:12.9798310Z   ssh-strict: true
check (macos-latest)	Run actions/checkout@3d3c42e5aac5ba805825da76410c181273ba90b1	2026-09-18T20:09:12.9798680Z   ssh-user: git
check (macos-latest)	Run actions/checkout@3d3c42e5aac5ba805825da76410c181273ba90b1	2026-09-18T20:09:12.9799100Z   clean: true
check (macos-latest)	Run actions/checkout@3d3c42e5aac5ba805825da76410c181273ba90b1	2026-09-18T20:09:12.9799470Z   sparse-checkout-cone-mode: true
check (macos-latest)	Run actions/checkout@3d3c42e5aac5ba805825da76410c181273ba90b1	2026-09-18T20:09:12.9799890Z   fetch-depth: 1
check (macos-latest)	Run actions/checkout@3d3c42e5aac5ba805825da76410c181273ba90b1	2026-09-18T20:09:12.9800250Z   fetch-tags: false
check (macos-latest)	Run actions/checkout@3d3c42e5aac5ba805825da76410c181273ba90b1	2026-09-18T20:09:12.9800670Z   show-progress: true
check (macos-latest)	Run actions/checkout@3d3c42e5aac5ba805825da76410c181273ba90b1	2026-09-18T20:09:12.9801370Z   lfs: false
check (macos-latest)	Run actions/checkout@3d3c42e5aac5ba805825da76410c181273ba90b1	2026-09-18T20:09:12.9801790Z   submodules: false
check (macos-latest)	Run actions/checkout@3d3c42e5aac5ba805825da76410c181273ba90b1	2026-09-18T20:09:12.9802190Z   set-safe-directory: true
check (macos-latest)	Run actions/checkout@3d3c42e5aac5ba805825da76410c181273ba90b1	2026-09-18T20:09:12.9802750Z   allow-unsafe-pr-checkout: false
check (macos-latest)	Run actions/checkout@3d3c42e5aac5ba805825da76410c181273ba90b1	2026-09-18T20:09:12.9803550Z ##[endgroup]
check (macos-latest)	Run actions/checkout@3d3c42e5aac5ba805825da76410c181273ba90b1	2026-09-18T20:09:13.6213740Z Syncing repository: manfromnowhere143/nisayon
check (macos-latest)	Run actions/checkout@3d3c42e5aac5ba805825da76410c181273ba90b1	2026-09-18T20:09:13.6216760Z ##[group]Getting Git version info
check (macos-latest)	Run actions/checkout@3d3c42e5aac5ba805825da76410c181273ba90b1	2026-09-18T20:09:13.6217980Z Working directory is '/Users/runner/work/nisayon/nisayon'
check (macos-latest)	Run actions/checkout@3d3c42e5aac5ba805825da76410c181273ba90b1	2026-09-18T20:09:13.6219440Z [command]/opt/homebrew/bin/git version
check (macos-latest)	Run actions/checkout@3d3c42e5aac5ba805825da76410c181273ba90b1	2026-09-18T20:09:13.6746920Z git version 2.55.0
check (macos-latest)	Run actions/checkout@3d3c42e5aac5ba805825da76410c181273ba90b1	2026-09-18T20:09:13.6762130Z ##[endgroup]
check (macos-latest)	Run actions/checkout@3d3c42e5aac5ba805825da76410c181273ba90b1	2026-09-18T20:09:13.6773370Z Copying '/Users/runner/.gitconfig' to '/Users/runner/work/_temp/6bb35f43-51dd-459d-81f1-f91f18c5f5c3/.gitconfig'
check (macos-latest)	Run actions/checkout@3d3c42e5aac5ba805825da76410c181273ba90b1	2026-09-18T20:09:13.6776330Z Temporarily overriding HOME='/Users/runner/work/_temp/6bb35f43-51dd-459d-81f1-f91f18c5f5c3' before making global git config changes
check (macos-latest)	Run actions/checkout@3d3c42e5aac5ba805825da76410c181273ba90b1	2026-09-18T20:09:13.6783020Z Adding repository directory to the temporary git global config as a safe directory
check (macos-latest)	Run actions/checkout@3d3c42e5aac5ba805825da76410c181273ba90b1	2026-09-18T20:09:13.6788970Z [command]/opt/homebrew/bin/git config --global --add safe.directory /Users/runner/work/nisayon/nisayon
check (macos-latest)	Run actions/checkout@3d3c42e5aac5ba805825da76410c181273ba90b1	2026-09-18T20:09:13.6909810Z Deleting the contents of '/Users/runner/work/nisayon/nisayon'
check (macos-latest)	Run actions/checkout@3d3c42e5aac5ba805825da76410c181273ba90b1	2026-09-18T20:09:13.6912710Z ##[group]Determining repository object format
check (macos-latest)	Run actions/checkout@3d3c42e5aac5ba805825da76410c181273ba90b1	2026-09-18T20:09:13.6914650Z ##[endgroup]
check (macos-latest)	Run actions/checkout@3d3c42e5aac5ba805825da76410c181273ba90b1	2026-09-18T20:09:13.6917140Z ##[group]Initializing the repository
check (macos-latest)	Run actions/checkout@3d3c42e5aac5ba805825da76410c181273ba90b1	2026-09-18T20:09:13.6918770Z [command]/opt/homebrew/bin/git init /Users/runner/work/nisayon/nisayon
check (macos-latest)	Run actions/checkout@3d3c42e5aac5ba805825da76410c181273ba90b1	2026-09-18T20:09:13.7130030Z hint: Using 'master' as the name for the initial branch. This default branch name
check (macos-latest)	Run actions/checkout@3d3c42e5aac5ba805825da76410c181273ba90b1	2026-09-18T20:09:13.7132440Z hint: will change to "main" in Git 3.0. To configure the initial branch name
check (macos-latest)	Run actions/checkout@3d3c42e5aac5ba805825da76410c181273ba90b1	2026-09-18T20:09:13.7134340Z hint: to use in all of your new repositories, which will suppress this warning,
check (macos-latest)	Run actions/checkout@3d3c42e5aac5ba805825da76410c181273ba90b1	2026-09-18T20:09:13.7135870Z hint: call:
check (macos-latest)	Run actions/checkout@3d3c42e5aac5ba805825da76410c181273ba90b1	2026-09-18T20:09:13.7136720Z hint:
check (macos-latest)	Run actions/checkout@3d3c42e5aac5ba805825da76410c181273ba90b1	2026-09-18T20:09:13.7137680Z hint: 	git config --global init.defaultBranch <name>
check (macos-latest)	Run actions/checkout@3d3c42e5aac5ba805825da76410c181273ba90b1	2026-09-18T20:09:13.7139020Z hint:
check (macos-latest)	Run actions/checkout@3d3c42e5aac5ba805825da76410c181273ba90b1	2026-09-18T20:09:13.7140230Z hint: Names commonly chosen instead of 'master' are 'main', 'trunk' and
check (macos-latest)	Run actions/checkout@3d3c42e5aac5ba805825da76410c181273ba90b1	2026-09-18T20:09:13.7142460Z hint: 'development'. The just-created branch can be renamed via this command:
check (macos-latest)	Run actions/checkout@3d3c42e5aac5ba805825da76410c181273ba90b1	2026-09-18T20:09:13.7144120Z hint:
check (macos-latest)	Run actions/checkout@3d3c42e5aac5ba805825da76410c181273ba90b1	2026-09-18T20:09:13.7144980Z hint: 	git branch -m <name>
check (macos-latest)	Run actions/checkout@3d3c42e5aac5ba805825da76410c181273ba90b1	2026-09-18T20:09:13.7145860Z hint:
check (macos-latest)	Run actions/checkout@3d3c42e5aac5ba805825da76410c181273ba90b1	2026-09-18T20:09:13.7147050Z hint: Disable this message with "git config set advice.defaultBranchName false"
check (macos-latest)	Run actions/checkout@3d3c42e5aac5ba805825da76410c181273ba90b1	2026-09-18T20:09:13.7149250Z Initialized empty Git repository in /Users/runner/work/nisayon/nisayon/.git/
check (macos-latest)	Run actions/checkout@3d3c42e5aac5ba805825da76410c181273ba90b1	2026-09-18T20:09:13.7152520Z [command]/opt/homebrew/bin/git remote add origin https://github.com/manfromnowhere143/nisayon
check (macos-latest)	Run actions/checkout@3d3c42e5aac5ba805825da76410c181273ba90b1	2026-09-18T20:09:13.7215410Z ##[endgroup]
check (macos-latest)	Run actions/checkout@3d3c42e5aac5ba805825da76410c181273ba90b1	2026-09-18T20:09:13.7216780Z ##[group]Disabling automatic garbage collection
check (macos-latest)	Run actions/checkout@3d3c42e5aac5ba805825da76410c181273ba90b1	2026-09-18T20:09:13.7220400Z [command]/opt/homebrew/bin/git config --local gc.auto 0
check (macos-latest)	Run actions/checkout@3d3c42e5aac5ba805825da76410c181273ba90b1	2026-09-18T20:09:13.7326850Z ##[endgroup]
check (macos-latest)	Run actions/checkout@3d3c42e5aac5ba805825da76410c181273ba90b1	2026-09-18T20:09:13.7328690Z ##[group]Setting up auth
check (macos-latest)	Run actions/checkout@3d3c42e5aac5ba805825da76410c181273ba90b1	2026-09-18T20:09:13.7329810Z Removing SSH command configuration
check (macos-latest)	Run actions/checkout@3d3c42e5aac5ba805825da76410c181273ba90b1	2026-09-18T20:09:13.7337080Z [command]/opt/homebrew/bin/git config --local --name-only --get-regexp core\.sshCommand
check (macos-latest)	Run actions/checkout@3d3c42e5aac5ba805825da76410c181273ba90b1	2026-09-18T20:09:13.7443910Z [command]/opt/homebrew/bin/git submodule foreach --recursive sh -c "git config --local --name-only --get-regexp 'core\.sshCommand' && git config --local --unset-all 'core.sshCommand' || :"
check (macos-latest)	Run actions/checkout@3d3c42e5aac5ba805825da76410c181273ba90b1	2026-09-18T20:09:13.8866710Z Removing HTTP extra header
check (macos-latest)	Run actions/checkout@3d3c42e5aac5ba805825da76410c181273ba90b1	2026-09-18T20:09:13.8878330Z [command]/opt/homebrew/bin/git config --local --name-only --get-regexp http\.https\:\/\/github\.com\/\.extraheader
check (macos-latest)	Run actions/checkout@3d3c42e5aac5ba805825da76410c181273ba90b1	2026-09-18T20:09:13.8956340Z [command]/opt/homebrew/bin/git submodule foreach --recursive sh -c "git config --local --name-only --get-regexp 'http\.https\:\/\/github\.com\/\.extraheader' && git config --local --unset-all 'http.https://github.com/.extraheader' || :"
check (macos-latest)	Run actions/checkout@3d3c42e5aac5ba805825da76410c181273ba90b1	2026-09-18T20:09:13.9972300Z Removing includeIf entries pointing to credentials config files
check (macos-latest)	Run actions/checkout@3d3c42e5aac5ba805825da76410c181273ba90b1	2026-09-18T20:09:13.9975950Z [command]/opt/homebrew/bin/git config --local --name-only --get-regexp ^includeIf\.gitdir:
check (macos-latest)	Run actions/checkout@3d3c42e5aac5ba805825da76410c181273ba90b1	2026-09-18T20:09:14.0067770Z [command]/opt/homebrew/bin/git submodule foreach --recursive git config --local --show-origin --name-only --get-regexp remote.origin.url
check (macos-latest)	Run actions/checkout@3d3c42e5aac5ba805825da76410c181273ba90b1	2026-09-18T20:09:14.2059760Z [command]/opt/homebrew/bin/git config --file /Users/runner/work/_temp/git-credentials-8ba0a6f3-5616-4427-8183-5000e4b3c6ae.config http.https://github.com/.extraheader AUTHORIZATION: basic ***
check (macos-latest)	Run actions/checkout@3d3c42e5aac5ba805825da76410c181273ba90b1	2026-09-18T20:09:14.2356230Z [command]/opt/homebrew/bin/git config --local includeIf.gitdir:/Users/runner/work/nisayon/nisayon/.git.path /Users/runner/work/_temp/git-credentials-8ba0a6f3-5616-4427-8183-5000e4b3c6ae.config
check (macos-latest)	Run actions/checkout@3d3c42e5aac5ba805825da76410c181273ba90b1	2026-09-18T20:09:14.2597300Z [command]/opt/homebrew/bin/git config --local includeIf.gitdir:/Users/runner/work/nisayon/nisayon/.git/worktrees/*.path /Users/runner/work/_temp/git-credentials-8ba0a6f3-5616-4427-8183-5000e4b3c6ae.config
check (macos-latest)	Run actions/checkout@3d3c42e5aac5ba805825da76410c181273ba90b1	2026-09-18T20:09:14.2730690Z [command]/opt/homebrew/bin/git config --local includeIf.gitdir:/github/workspace/.git.path /github/runner_temp/git-credentials-8ba0a6f3-5616-4427-8183-5000e4b3c6ae.config
check (macos-latest)	Run actions/checkout@3d3c42e5aac5ba805825da76410c181273ba90b1	2026-09-18T20:09:14.2771590Z [command]/opt/homebrew/bin/git config --local includeIf.gitdir:/github/workspace/.git/worktrees/*.path /github/runner_temp/git-credentials-8ba0a6f3-5616-4427-8183-5000e4b3c6ae.config
check (macos-latest)	Run actions/checkout@3d3c42e5aac5ba805825da76410c181273ba90b1	2026-09-18T20:09:14.2807920Z ##[endgroup]
check (macos-latest)	Run actions/checkout@3d3c42e5aac5ba805825da76410c181273ba90b1	2026-09-18T20:09:14.2813030Z ##[group]Fetching the repository
check (macos-latest)	Run actions/checkout@3d3c42e5aac5ba805825da76410c181273ba90b1	2026-09-18T20:09:14.2820120Z [command]/opt/homebrew/bin/git -c protocol.version=2 fetch --no-tags --prune --no-recurse-submodules --depth=1 origin +886710e819c218b89b61ea7a4899ef01d2f2cd24:refs/remotes/origin/main
check (macos-latest)	Run actions/checkout@3d3c42e5aac5ba805825da76410c181273ba90b1	2026-09-18T20:09:16.8604920Z From https://github.com/manfromnowhere143/nisayon
check (macos-latest)	Run actions/checkout@3d3c42e5aac5ba805825da76410c181273ba90b1	2026-09-18T20:09:16.8606820Z  * [new ref]         886710e819c218b89b61ea7a4899ef01d2f2cd24 -> origin/main
check (macos-latest)	Run actions/checkout@3d3c42e5aac5ba805825da76410c181273ba90b1	2026-09-18T20:09:16.8614970Z [command]/opt/homebrew/bin/git branch --list --remote origin/main
check (macos-latest)	Run actions/checkout@3d3c42e5aac5ba805825da76410c181273ba90b1	2026-09-18T20:09:16.8713870Z   origin/main
check (macos-latest)	Run actions/checkout@3d3c42e5aac5ba805825da76410c181273ba90b1	2026-09-18T20:09:16.8724670Z [command]/opt/homebrew/bin/git rev-parse refs/remotes/origin/main
check (macos-latest)	Run actions/checkout@3d3c42e5aac5ba805825da76410c181273ba90b1	2026-09-18T20:09:16.8819620Z 886710e819c218b89b61ea7a4899ef01d2f2cd24
check (macos-latest)	Run actions/checkout@3d3c42e5aac5ba805825da76410c181273ba90b1	2026-09-18T20:09:16.8823780Z ##[endgroup]
check (macos-latest)	Run actions/checkout@3d3c42e5aac5ba805825da76410c181273ba90b1	2026-09-18T20:09:16.8824420Z ##[group]Determining the checkout info
check (macos-latest)	Run actions/checkout@3d3c42e5aac5ba805825da76410c181273ba90b1	2026-09-18T20:09:16.8825210Z ##[endgroup]
check (macos-latest)	Run actions/checkout@3d3c42e5aac5ba805825da76410c181273ba90b1	2026-09-18T20:09:16.8830180Z [command]/opt/homebrew/bin/git sparse-checkout disable
check (macos-latest)	Run actions/checkout@3d3c42e5aac5ba805825da76410c181273ba90b1	2026-09-18T20:09:16.8916010Z [command]/opt/homebrew/bin/git config --local --unset-all extensions.worktreeConfig
check (macos-latest)	Run actions/checkout@3d3c42e5aac5ba805825da76410c181273ba90b1	2026-09-18T20:09:16.8988670Z ##[group]Checking out the ref
check (macos-latest)	Run actions/checkout@3d3c42e5aac5ba805825da76410c181273ba90b1	2026-09-18T20:09:16.8991320Z [command]/opt/homebrew/bin/git checkout --progress --force -B main refs/remotes/origin/main
check (macos-latest)	Run actions/checkout@3d3c42e5aac5ba805825da76410c181273ba90b1	2026-09-18T20:09:17.6562240Z Switched to a new branch 'main'
check (macos-latest)	Run actions/checkout@3d3c42e5aac5ba805825da76410c181273ba90b1	2026-09-18T20:09:17.6572450Z branch 'main' set up to track 'origin/main'.
check (macos-latest)	Run actions/checkout@3d3c42e5aac5ba805825da76410c181273ba90b1	2026-09-18T20:09:17.6635450Z ##[endgroup]
check (macos-latest)	Run actions/checkout@3d3c42e5aac5ba805825da76410c181273ba90b1	2026-09-18T20:09:17.6834110Z [command]/opt/homebrew/bin/git log -1 --format=%H
check (macos-latest)	Run actions/checkout@3d3c42e5aac5ba805825da76410c181273ba90b1	2026-09-18T20:09:17.7002010Z 886710e819c218b89b61ea7a4899ef01d2f2cd24
check (macos-latest)	Run actions/checkout@3d3c42e5aac5ba805825da76410c181273ba90b1	2026-09-18T20:09:17.7016490Z ##[group]Removing auth
check (macos-latest)	Run actions/checkout@3d3c42e5aac5ba805825da76410c181273ba90b1	2026-09-18T20:09:17.7017130Z Removing SSH command configuration
check (macos-latest)	Run actions/checkout@3d3c42e5aac5ba805825da76410c181273ba90b1	2026-09-18T20:09:17.7020090Z [command]/opt/homebrew/bin/git config --local --name-only --get-regexp core\.sshCommand
check (macos-latest)	Run actions/checkout@3d3c42e5aac5ba805825da76410c181273ba90b1	2026-09-18T20:09:17.7138000Z [command]/opt/homebrew/bin/git submodule foreach --recursive sh -c "git config --local --name-only --get-regexp 'core\.sshCommand' && git config --local --unset-all 'core.sshCommand' || :"
check (macos-latest)	Run actions/checkout@3d3c42e5aac5ba805825da76410c181273ba90b1	2026-09-18T20:09:17.8944420Z Removing HTTP extra header
check (macos-latest)	Run actions/checkout@3d3c42e5aac5ba805825da76410c181273ba90b1	2026-09-18T20:09:17.9064380Z [command]/opt/homebrew/bin/git config --local --name-only --get-regexp http\.https\:\/\/github\.com\/\.extraheader
check (macos-latest)	Run actions/checkout@3d3c42e5aac5ba805825da76410c181273ba90b1	2026-09-18T20:09:17.9369490Z [command]/opt/homebrew/bin/git submodule foreach --recursive sh -c "git config --local --name-only --get-regexp 'http\.https\:\/\/github\.com\/\.extraheader' && git config --local --unset-all 'http.https://github.com/.extraheader' || :"
check (macos-latest)	Run actions/checkout@3d3c42e5aac5ba805825da76410c181273ba90b1	2026-09-18T20:09:18.0818040Z Removing includeIf entries pointing to credentials config files
check (macos-latest)	Run actions/checkout@3d3c42e5aac5ba805825da76410c181273ba90b1	2026-09-18T20:09:18.0920000Z [command]/opt/homebrew/bin/git config --local --name-only --get-regexp ^includeIf\.gitdir:
check (macos-latest)	Run actions/checkout@3d3c42e5aac5ba805825da76410c181273ba90b1	2026-09-18T20:09:18.1021590Z includeif.gitdir:/Users/runner/work/nisayon/nisayon/.git.path
check (macos-latest)	Run actions/checkout@3d3c42e5aac5ba805825da76410c181273ba90b1	2026-09-18T20:09:18.1126360Z includeif.gitdir:/Users/runner/work/nisayon/nisayon/.git/worktrees/*.path
check (macos-latest)	Run actions/checkout@3d3c42e5aac5ba805825da76410c181273ba90b1	2026-09-18T20:09:18.1188310Z includeif.gitdir:/github/workspace/.git.path
check (macos-latest)	Run actions/checkout@3d3c42e5aac5ba805825da76410c181273ba90b1	2026-09-18T20:09:18.1192350Z includeif.gitdir:/github/workspace/.git/worktrees/*.path
check (macos-latest)	Run actions/checkout@3d3c42e5aac5ba805825da76410c181273ba90b1	2026-09-18T20:09:18.1194090Z [command]/opt/homebrew/bin/git config --local --get-all includeif.gitdir:/Users/runner/work/nisayon/nisayon/.git.path
check (macos-latest)	Run actions/checkout@3d3c42e5aac5ba805825da76410c181273ba90b1	2026-09-18T20:09:18.1194880Z /Users/runner/work/_temp/git-credentials-8ba0a6f3-5616-4427-8183-5000e4b3c6ae.config
check (macos-latest)	Run actions/checkout@3d3c42e5aac5ba805825da76410c181273ba90b1	2026-09-18T20:09:18.1203830Z [command]/opt/homebrew/bin/git config --local --unset includeif.gitdir:/Users/runner/work/nisayon/nisayon/.git.path \/Users\/runner\/work\/_temp\/git\-credentials\-8ba0a6f3\-5616\-4427\-8183\-5000e4b3c6ae\.config
check (macos-latest)	Run actions/checkout@3d3c42e5aac5ba805825da76410c181273ba90b1	2026-09-18T20:09:18.1256420Z [command]/opt/homebrew/bin/git config --local --get-all includeif.gitdir:/Users/runner/work/nisayon/nisayon/.git/worktrees/*.path
check (macos-latest)	Run actions/checkout@3d3c42e5aac5ba805825da76410c181273ba90b1	2026-09-18T20:09:18.1262000Z /Users/runner/work/_temp/git-credentials-8ba0a6f3-5616-4427-8183-5000e4b3c6ae.config
check (macos-latest)	Run actions/checkout@3d3c42e5aac5ba805825da76410c181273ba90b1	2026-09-18T20:09:18.1323480Z [command]/opt/homebrew/bin/git config --local --unset includeif.gitdir:/Users/runner/work/nisayon/nisayon/.git/worktrees/*.path \/Users\/runner\/work\/_temp\/git\-credentials\-8ba0a6f3\-5616\-4427\-8183\-5000e4b3c6ae\.config
check (macos-latest)	Run actions/checkout@3d3c42e5aac5ba805825da76410c181273ba90b1	2026-09-18T20:09:18.1365490Z [command]/opt/homebrew/bin/git config --local --get-all includeif.gitdir:/github/workspace/.git.path
check (macos-latest)	Run actions/checkout@3d3c42e5aac5ba805825da76410c181273ba90b1	2026-09-18T20:09:18.1398110Z /github/runner_temp/git-credentials-8ba0a6f3-5616-4427-8183-5000e4b3c6ae.config
check (macos-latest)	Run actions/checkout@3d3c42e5aac5ba805825da76410c181273ba90b1	2026-09-18T20:09:18.1430400Z [command]/opt/homebrew/bin/git config --local --unset includeif.gitdir:/github/workspace/.git.path \/github\/runner_temp\/git\-credentials\-8ba0a6f3\-5616\-4427\-8183\-5000e4b3c6ae\.config
check (macos-latest)	Run actions/checkout@3d3c42e5aac5ba805825da76410c181273ba90b1	2026-09-18T20:09:18.1468740Z [command]/opt/homebrew/bin/git config --local --get-all includeif.gitdir:/github/workspace/.git/worktrees/*.path
check (macos-latest)	Run actions/checkout@3d3c42e5aac5ba805825da76410c181273ba90b1	2026-09-18T20:09:18.1504560Z /github/runner_temp/git-credentials-8ba0a6f3-5616-4427-8183-5000e4b3c6ae.config
check (macos-latest)	Run actions/checkout@3d3c42e5aac5ba805825da76410c181273ba90b1	2026-09-18T20:09:18.1510710Z [command]/opt/homebrew/bin/git config --local --unset includeif.gitdir:/github/workspace/.git/worktrees/*.path \/github\/runner_temp\/git\-credentials\-8ba0a6f3\-5616\-4427\-8183\-5000e4b3c6ae\.config
check (macos-latest)	Run actions/checkout@3d3c42e5aac5ba805825da76410c181273ba90b1	2026-09-18T20:09:18.1644330Z [command]/opt/homebrew/bin/git submodule foreach --recursive git config --local --show-origin --name-only --get-regexp remote.origin.url
check (macos-latest)	Run actions/checkout@3d3c42e5aac5ba805825da76410c181273ba90b1	2026-09-18T20:09:18.2508810Z Removing credentials config '/Users/runner/work/_temp/git-credentials-8ba0a6f3-5616-4427-8183-5000e4b3c6ae.config'
check (macos-latest)	Run actions/checkout@3d3c42e5aac5ba805825da76410c181273ba90b1	2026-09-18T20:09:18.2515020Z ##[endgroup]
check (macos-latest)	Run astral-sh/setup-uv@bec219d24cd3e171d82865faccec33120bb574f4	﻿2026-09-18T20:09:18.2878730Z ##[group]Run astral-sh/setup-uv@bec219d24cd3e171d82865faccec33120bb574f4
check (macos-latest)	Run astral-sh/setup-uv@bec219d24cd3e171d82865faccec33120bb574f4	2026-09-18T20:09:18.2879070Z with:
check (macos-latest)	Run astral-sh/setup-uv@bec219d24cd3e171d82865faccec33120bb574f4	2026-09-18T20:09:18.2879310Z   version: 0.11.28
check (macos-latest)	Run astral-sh/setup-uv@bec219d24cd3e171d82865faccec33120bb574f4	2026-09-18T20:09:18.2879490Z   enable-cache: true
check (macos-latest)	Run astral-sh/setup-uv@bec219d24cd3e171d82865faccec33120bb574f4	2026-09-18T20:09:18.2879750Z   activate-environment: false
check (macos-latest)	Run astral-sh/setup-uv@bec219d24cd3e171d82865faccec33120bb574f4	2026-09-18T20:09:18.2880070Z   no-project: false
check (macos-latest)	Run astral-sh/setup-uv@bec219d24cd3e171d82865faccec33120bb574f4	2026-09-18T20:09:18.2880350Z   working-directory: /Users/runner/work/nisayon/nisayon
check (macos-latest)	Run astral-sh/setup-uv@bec219d24cd3e171d82865faccec33120bb574f4	2026-09-18T20:09:18.2882860Z   github-token: ***
check (macos-latest)	Run astral-sh/setup-uv@bec219d24cd3e171d82865faccec33120bb574f4	2026-09-18T20:09:18.2883370Z   cache-dependency-glob: **/*requirements*.txt
check (macos-latest)	Run astral-sh/setup-uv@bec219d24cd3e171d82865faccec33120bb574f4	**/*requirements*.in
check (macos-latest)	Run astral-sh/setup-uv@bec219d24cd3e171d82865faccec33120bb574f4	**/*constraints*.txt
check (macos-latest)	Run astral-sh/setup-uv@bec219d24cd3e171d82865faccec33120bb574f4	**/*constraints*.in
check (macos-latest)	Run astral-sh/setup-uv@bec219d24cd3e171d82865faccec33120bb574f4	**/pyproject.toml
check (macos-latest)	Run astral-sh/setup-uv@bec219d24cd3e171d82865faccec33120bb574f4	**/uv.lock
check (macos-latest)	Run astral-sh/setup-uv@bec219d24cd3e171d82865faccec33120bb574f4	**/*.py.lock
check (macos-latest)	Run astral-sh/setup-uv@bec219d24cd3e171d82865faccec33120bb574f4	
check (macos-latest)	Run astral-sh/setup-uv@bec219d24cd3e171d82865faccec33120bb574f4	2026-09-18T20:09:18.2884230Z   restore-cache: true
check (macos-latest)	Run astral-sh/setup-uv@bec219d24cd3e171d82865faccec33120bb574f4	2026-09-18T20:09:18.2884580Z   save-cache: true
check (macos-latest)	Run astral-sh/setup-uv@bec219d24cd3e171d82865faccec33120bb574f4	2026-09-18T20:09:18.2884790Z   prune-cache: false
check (macos-latest)	Run astral-sh/setup-uv@bec219d24cd3e171d82865faccec33120bb574f4	2026-09-18T20:09:18.2884940Z   cache-python: false
check (macos-latest)	Run astral-sh/setup-uv@bec219d24cd3e171d82865faccec33120bb574f4	2026-09-18T20:09:18.2885230Z   ignore-nothing-to-cache: false
check (macos-latest)	Run astral-sh/setup-uv@bec219d24cd3e171d82865faccec33120bb574f4	2026-09-18T20:09:18.2885580Z   ignore-empty-workdir: false
check (macos-latest)	Run astral-sh/setup-uv@bec219d24cd3e171d82865faccec33120bb574f4	2026-09-18T20:09:18.2885860Z   download-from-astral-mirror: true
check (macos-latest)	Run astral-sh/setup-uv@bec219d24cd3e171d82865faccec33120bb574f4	2026-09-18T20:09:18.2886250Z   add-problem-matchers: true
check (macos-latest)	Run astral-sh/setup-uv@bec219d24cd3e171d82865faccec33120bb574f4	2026-09-18T20:09:18.2886540Z   quiet: false
check (macos-latest)	Run astral-sh/setup-uv@bec219d24cd3e171d82865faccec33120bb574f4	2026-09-18T20:09:18.2886770Z   resolution-strategy: highest
check (macos-latest)	Run astral-sh/setup-uv@bec219d24cd3e171d82865faccec33120bb574f4	2026-09-18T20:09:18.2887050Z ##[endgroup]
check (macos-latest)	Run astral-sh/setup-uv@bec219d24cd3e171d82865faccec33120bb574f4	2026-09-18T20:09:18.5389460Z Fetching manifest data from https://raw.githubusercontent.com/astral-sh/versions/main/v1/uv.ndjson ...
check (macos-latest)	Run astral-sh/setup-uv@bec219d24cd3e171d82865faccec33120bb574f4	2026-09-18T20:09:18.6564470Z Downloading uv from "https://releases.astral.sh/github/uv/releases/download/0.11.28/uv-aarch64-apple-darwin.tar.gz" ...
check (macos-latest)	Run astral-sh/setup-uv@bec219d24cd3e171d82865faccec33120bb574f4	2026-09-18T20:09:19.1531350Z [command]/usr/bin/tar xz -C /Users/runner/work/_temp/742c296c-7467-4cb1-9053-1e542e557dea -f /Users/runner/work/_temp/d7fa2c0a-5af5-4d39-b17b-0120cbc417f0
check (macos-latest)	Run astral-sh/setup-uv@bec219d24cd3e171d82865faccec33120bb574f4	2026-09-18T20:09:19.4390460Z Added /Users/runner/.local/bin to the path
check (macos-latest)	Run astral-sh/setup-uv@bec219d24cd3e171d82865faccec33120bb574f4	2026-09-18T20:09:19.4398290Z Added /Users/runner/hostedtoolcache/uv/0.11.28/aarch64 to the path
check (macos-latest)	Run astral-sh/setup-uv@bec219d24cd3e171d82865faccec33120bb574f4	2026-09-18T20:09:19.4400260Z Set UV_PYTHON_INSTALL_DIR to /Users/runner/work/_temp/uv-python-dir
check (macos-latest)	Run astral-sh/setup-uv@bec219d24cd3e171d82865faccec33120bb574f4	2026-09-18T20:09:19.4405520Z Added /Users/runner/work/_temp/uv-python-dir to the path
check (macos-latest)	Run astral-sh/setup-uv@bec219d24cd3e171d82865faccec33120bb574f4	2026-09-18T20:09:19.4428390Z Set UV_CACHE_DIR to /Users/runner/work/_temp/setup-uv-cache
check (macos-latest)	Run astral-sh/setup-uv@bec219d24cd3e171d82865faccec33120bb574f4	2026-09-18T20:09:19.4428840Z Successfully installed uv version 0.11.28
check (macos-latest)	Run astral-sh/setup-uv@bec219d24cd3e171d82865faccec33120bb574f4	2026-09-18T20:09:22.0417040Z Searching files using cache dependency glob: /Users/runner/work/nisayon/nisayon/**/*requirements*.txt,/Users/runner/work/nisayon/nisayon/**/*requirements*.in,/Users/runner/work/nisayon/nisayon/**/*constraints*.txt,/Users/runner/work/nisayon/nisayon/**/*constraints*.in,/Users/runner/work/nisayon/nisayon/**/pyproject.toml,/Users/runner/work/nisayon/nisayon/**/uv.lock,/Users/runner/work/nisayon/nisayon/**/*.py.lock
check (macos-latest)	Run astral-sh/setup-uv@bec219d24cd3e171d82865faccec33120bb574f4	2026-09-18T20:09:22.2293910Z /Users/runner/work/nisayon/nisayon/pyproject.toml
check (macos-latest)	Run astral-sh/setup-uv@bec219d24cd3e171d82865faccec33120bb574f4	2026-09-18T20:09:22.2392690Z /Users/runner/work/nisayon/nisayon/uv.lock
check (macos-latest)	Run astral-sh/setup-uv@bec219d24cd3e171d82865faccec33120bb574f4	2026-09-18T20:09:22.2406480Z Found 2 files to hash.
check (macos-latest)	Run astral-sh/setup-uv@bec219d24cd3e171d82865faccec33120bb574f4	2026-09-18T20:09:22.2410550Z Trying to restore cache from GitHub Actions cache with key: setup-uv-2-aarch64-apple-darwin-macos-16-unknown-ee4bf0131c9390b1a2325a37458117cd1e7e159f4b5359cd151ff26e61b27c06
check (macos-latest)	Run astral-sh/setup-uv@bec219d24cd3e171d82865faccec33120bb574f4	2026-09-18T20:09:22.2919860Z No GitHub Actions cache found for key: setup-uv-2-aarch64-apple-darwin-macos-16-unknown-ee4bf0131c9390b1a2325a37458117cd1e7e159f4b5359cd151ff26e61b27c06
check (macos-latest)	Install ripgrep on macOS	﻿2026-09-18T20:09:22.4160110Z ##[group]Run brew install ripgrep
check (macos-latest)	Install ripgrep on macOS	2026-09-18T20:09:22.4162310Z [36;1mbrew install ripgrep[0m
check (macos-latest)	Install ripgrep on macOS	2026-09-18T20:09:22.4254830Z shell: /bin/bash -e {0}
check (macos-latest)	Install ripgrep on macOS	2026-09-18T20:09:22.4255070Z env:
check (macos-latest)	Install ripgrep on macOS	2026-09-18T20:09:22.4255310Z   UV_PYTHON_INSTALL_DIR: /Users/runner/work/_temp/uv-python-dir
check (macos-latest)	Install ripgrep on macOS	2026-09-18T20:09:22.4255690Z   UV_CACHE_DIR: /Users/runner/work/_temp/setup-uv-cache
check (macos-latest)	Install ripgrep on macOS	2026-09-18T20:09:22.4255970Z   HOMEBREW_NO_AUTO_UPDATE: 1
check (macos-latest)	Install ripgrep on macOS	2026-09-18T20:09:22.4256140Z ##[endgroup]
check (macos-latest)	Install ripgrep on macOS	2026-09-18T20:09:24.7750000Z [32m==>[0m [1mDownloading bottle manifests[0m
check (macos-latest)	Install ripgrep on macOS	2026-09-18T20:09:24.8043310Z ✔︎ Bottle Manifest ripgrep (15.2.0)
check (macos-latest)	Install ripgrep on macOS	2026-09-18T20:09:24.8044070Z [34m==>[0m [1mWould install 1 formula:[0m
check (macos-latest)	Install ripgrep on macOS	2026-09-18T20:09:24.8146090Z ripgrep
check (macos-latest)	Install ripgrep on macOS	2026-09-18T20:09:24.9599570Z [32m==>[0m [1mFetching downloads for: [32mripgrep[39m[0m
check (macos-latest)	Install ripgrep on macOS	2026-09-18T20:09:25.3286920Z ✔︎ Bottle ripgrep (15.2.0)
check (macos-latest)	Install ripgrep on macOS	2026-09-18T20:09:25.3459140Z [34m==>[0m [1mPouring ripgrep--15.2.0.arm64_tahoe.bottle.1.tar.gz[0m
check (macos-latest)	Install ripgrep on macOS	2026-09-18T20:09:25.6563760Z 🍺  /opt/homebrew/Cellar/ripgrep/15.2.0: 14 files, 6.8MB
check (macos-latest)	Install ripgrep on macOS	2026-09-18T20:09:25.6593770Z [32m==>[0m [1mCaveats[0m
check (macos-latest)	Install ripgrep on macOS	2026-09-18T20:09:25.6603540Z Bash completion has been installed to:
check (macos-latest)	Install ripgrep on macOS	2026-09-18T20:09:25.6605670Z   /opt/homebrew/etc/bash_completion.d
check (macos-latest)	Run rg --version	﻿2026-09-18T20:09:25.6809350Z ##[group]Run rg --version
check (macos-latest)	Run rg --version	2026-09-18T20:09:25.6809740Z [36;1mrg --version[0m
check (macos-latest)	Run rg --version	2026-09-18T20:09:25.6887840Z shell: /bin/bash -e {0}
check (macos-latest)	Run rg --version	2026-09-18T20:09:25.6888200Z env:
check (macos-latest)	Run rg --version	2026-09-18T20:09:25.6888570Z   UV_PYTHON_INSTALL_DIR: /Users/runner/work/_temp/uv-python-dir
check (macos-latest)	Run rg --version	2026-09-18T20:09:25.6889070Z   UV_CACHE_DIR: /Users/runner/work/_temp/setup-uv-cache
check (macos-latest)	Run rg --version	2026-09-18T20:09:25.6889340Z ##[endgroup]
check (macos-latest)	Run rg --version	2026-09-18T20:09:25.7978950Z ripgrep 15.2.0
check (macos-latest)	Run rg --version	2026-09-18T20:09:25.8046580Z 
check (macos-latest)	Run rg --version	2026-09-18T20:09:25.8047220Z features:+pcre2
check (macos-latest)	Run rg --version	2026-09-18T20:09:25.8047730Z simd(compile):+NEON
check (macos-latest)	Run rg --version	2026-09-18T20:09:25.8048170Z simd(runtime):+NEON
check (macos-latest)	Run rg --version	2026-09-18T20:09:25.8048410Z 
check (macos-latest)	Run rg --version	2026-09-18T20:09:25.8048740Z PCRE2 10.45 is available (JIT is available)
check (macos-latest)	Run uv sync --frozen	﻿2026-09-18T20:09:25.8118030Z ##[group]Run uv sync --frozen
check (macos-latest)	Run uv sync --frozen	2026-09-18T20:09:25.8118980Z [36;1muv sync --frozen[0m
check (macos-latest)	Run uv sync --frozen	2026-09-18T20:09:25.8184160Z shell: /bin/bash -e {0}
check (macos-latest)	Run uv sync --frozen	2026-09-18T20:09:25.8184570Z env:
check (macos-latest)	Run uv sync --frozen	2026-09-18T20:09:25.8184940Z   UV_PYTHON_INSTALL_DIR: /Users/runner/work/_temp/uv-python-dir
check (macos-latest)	Run uv sync --frozen	2026-09-18T20:09:25.8185470Z   UV_CACHE_DIR: /Users/runner/work/_temp/setup-uv-cache
check (macos-latest)	Run uv sync --frozen	2026-09-18T20:09:25.8185790Z ##[endgroup]
check (macos-latest)	Run uv sync --frozen	2026-09-18T20:09:26.3845400Z Downloading cpython-3.12.13-macos-aarch64-none (download) (23.8MiB)
check (macos-latest)	Run uv sync --frozen	2026-09-18T20:09:27.2312120Z  Downloaded cpython-3.12.13-macos-aarch64-none (download)
check (macos-latest)	Run uv sync --frozen	2026-09-18T20:09:28.3041640Z Using CPython 3.12.13
check (macos-latest)	Run uv sync --frozen	2026-09-18T20:09:28.3142720Z Creating virtual environment at: .venv
check (macos-latest)	Run uv sync --frozen	2026-09-18T20:09:28.3300830Z    Building nisayon-workspace @ file:///Users/runner/work/nisayon/nisayon
check (macos-latest)	Run uv sync --frozen	2026-09-18T20:09:28.3415850Z       Built nisayon-workspace @ file:///Users/runner/work/nisayon/nisayon
check (macos-latest)	Run uv sync --frozen	2026-09-18T20:09:28.3675010Z Downloading pygments (1.2MiB)
check (macos-latest)	Run uv sync --frozen	2026-09-18T20:09:28.3680910Z Downloading ruff (9.4MiB)
check (macos-latest)	Run uv sync --frozen	2026-09-18T20:09:28.3695640Z Downloading pydantic-core (1.8MiB)
check (macos-latest)	Run uv sync --frozen	2026-09-18T20:09:28.3899460Z Downloading cryptography (3.8MiB)
check (macos-latest)	Run uv sync --frozen	2026-09-18T20:09:28.6113810Z  Downloaded pydantic-core
check (macos-latest)	Run uv sync --frozen	2026-09-18T20:09:28.8003170Z  Downloaded ruff
check (macos-latest)	Run uv sync --frozen	2026-09-18T20:09:28.9137530Z  Downloaded cryptography
check (macos-latest)	Run uv sync --frozen	2026-09-18T20:09:28.9631840Z  Downloaded pygments
check (macos-latest)	Run uv sync --frozen	2026-09-18T20:09:28.9638940Z Prepared 35 packages in 649ms
check (macos-latest)	Run uv sync --frozen	2026-09-18T20:09:28.9976480Z Installed 35 packages in 33ms
check (macos-latest)	Run uv sync --frozen	2026-09-18T20:09:28.9989080Z  + annotated-types==0.8.0
check (macos-latest)	Run uv sync --frozen	2026-09-18T20:09:28.9989610Z  + anyio==4.15.1
check (macos-latest)	Run uv sync --frozen	2026-09-18T20:09:28.9990170Z  + attrs==26.1.0
check (macos-latest)	Run uv sync --frozen	2026-09-18T20:09:28.9990980Z  + cffi==2.1.1
check (macos-latest)	Run uv sync --frozen	2026-09-18T20:09:28.9991300Z  + click==8.5.0
check (macos-latest)	Run uv sync --frozen	2026-09-18T20:09:28.9991630Z  + cryptography==50.0.1
check (macos-latest)	Run uv sync --frozen	2026-09-18T20:09:28.9992070Z  + h11==0.16.0
check (macos-latest)	Run uv sync --frozen	2026-09-18T20:09:28.9992420Z  + httpcore2==2.13.0
check (macos-latest)	Run uv sync --frozen	2026-09-18T20:09:28.9992770Z  + httpx2==2.13.0
check (macos-latest)	Run uv sync --frozen	2026-09-18T20:09:28.9993200Z  + idna==3.20
check (macos-latest)	Run uv sync --frozen	2026-09-18T20:09:28.9993520Z  + iniconfig==2.3.0
check (macos-latest)	Run uv sync --frozen	2026-09-18T20:09:28.9993950Z  + jsonschema==4.26.0
check (macos-latest)	Run uv sync --frozen	2026-09-18T20:09:28.9994360Z  + jsonschema-specifications==2025.9.1
check (macos-latest)	Run uv sync --frozen	2026-09-18T20:09:28.9994880Z  + mcp==2.2.0
check (macos-latest)	Run uv sync --frozen	2026-09-18T20:09:28.9996340Z  + mcp-types==2.2.0
check (macos-latest)	Run uv sync --frozen	2026-09-18T20:09:28.9996800Z  + nisayon-workspace==0.1.0 (from file:///Users/runner/work/nisayon/nisayon)
check (macos-latest)	Run uv sync --frozen	2026-09-18T20:09:28.9997340Z  + opentelemetry-api==1.44.0
check (macos-latest)	Run uv sync --frozen	2026-09-18T20:09:28.9997520Z  + packaging==26.3
check (macos-latest)	Run uv sync --frozen	2026-09-18T20:09:28.9997720Z  + pluggy==1.6.0
check (macos-latest)	Run uv sync --frozen	2026-09-18T20:09:28.9997940Z  + pycparser==3.0
check (macos-latest)	Run uv sync --frozen	2026-09-18T20:09:28.9998280Z  + pydantic==2.13.5
check (macos-latest)	Run uv sync --frozen	2026-09-18T20:09:28.9998660Z  + pydantic-core==2.46.5
check (macos-latest)	Run uv sync --frozen	2026-09-18T20:09:28.9999130Z  + pygments==2.21.0
check (macos-latest)	Run uv sync --frozen	2026-09-18T20:09:28.9999490Z  + pyjwt==2.14.0
check (macos-latest)	Run uv sync --frozen	2026-09-18T20:09:28.9999710Z  + pytest==9.1.1
check (macos-latest)	Run uv sync --frozen	2026-09-18T20:09:28.9999980Z  + python-multipart==0.0.32
check (macos-latest)	Run uv sync --frozen	2026-09-18T20:09:29.0000230Z  + referencing==0.37.0
check (macos-latest)	Run uv sync --frozen	2026-09-18T20:09:29.0000400Z  + rpds-py==2026.6.3
check (macos-latest)	Run uv sync --frozen	2026-09-18T20:09:29.0000630Z  + ruff==0.16.8
check (macos-latest)	Run uv sync --frozen	2026-09-18T20:09:29.0000890Z  + sse-starlette==3.4.11
check (macos-latest)	Run uv sync --frozen	2026-09-18T20:09:29.0001180Z  + starlette==1.6.0
check (macos-latest)	Run uv sync --frozen	2026-09-18T20:09:29.0001440Z  + truststore==0.10.4
check (macos-latest)	Run uv sync --frozen	2026-09-18T20:09:29.0001640Z  + typing-extensions==4.16.0
check (macos-latest)	Run uv sync --frozen	2026-09-18T20:09:29.0002000Z  + typing-inspection==0.4.4
check (macos-latest)	Run uv sync --frozen	2026-09-18T20:09:29.0002290Z  + uvicorn==0.53.0
check (macos-latest)	Run make check	﻿2026-09-18T20:09:29.0123260Z ##[group]Run make check
check (macos-latest)	Run make check	2026-09-18T20:09:29.0123570Z [36;1mmake check[0m
check (macos-latest)	Run make check	2026-09-18T20:09:29.0166380Z shell: /bin/bash -e {0}
check (macos-latest)	Run make check	2026-09-18T20:09:29.0166580Z env:
check (macos-latest)	Run make check	2026-09-18T20:09:29.0166830Z   UV_PYTHON_INSTALL_DIR: /Users/runner/work/_temp/uv-python-dir
check (macos-latest)	Run make check	2026-09-18T20:09:29.0167250Z   UV_CACHE_DIR: /Users/runner/work/_temp/setup-uv-cache
check (macos-latest)	Run make check	2026-09-18T20:09:29.0167510Z ##[endgroup]
check (macos-latest)	Run make check	2026-09-18T20:09:29.7766070Z uv run --frozen ruff check .
check (macos-latest)	Run make check	2026-09-18T20:09:31.6152980Z All checks passed!
check (macos-latest)	Run make check	2026-09-18T20:09:31.6190920Z uv run --frozen ruff format --check .
check (macos-latest)	Run make check	2026-09-18T20:09:31.7278040Z 182 files already formatted
check (macos-latest)	Run make check	2026-09-18T20:09:31.7301820Z uv run --frozen pytest
check (macos-latest)	Run make check	2026-09-18T20:09:44.6365350Z ........................................................................ [ 19%]
check (macos-latest)	Run make check	2026-09-18T20:10:06.8169400Z ..................ssss............s..................................... [ 38%]
check (macos-latest)	Run make check	2026-09-18T20:10:37.5174750Z ........................................................................ [ 58%]
check (macos-latest)	Run make check	2026-09-18T20:11:35.5485630Z ...............................................................s..ss.... [ 77%]
check (macos-latest)	Run make check	2026-09-18T20:12:30.2717540Z .................s.s...................sss.............................. [ 96%]
check (macos-latest)	Run make check	2026-09-18T20:12:31.1193190Z ............                                                             [100%]
check (macos-latest)	Run make check	2026-09-18T20:12:31.1194850Z 359 passed, 14 skipped in 174.64s (0:02:54)
check (macos-latest)	Run make check	2026-09-18T20:12:31.4080910Z uv run --frozen python scripts/check_docs.py
check (macos-latest)	Run make check	2026-09-18T20:12:31.5863500Z {
check (macos-latest)	Run make check	2026-09-18T20:12:31.5873150Z   "documents": 58,
check (macos-latest)	Run make check	2026-09-18T20:12:31.5873760Z   "mermaid_blocks": 3,
check (macos-latest)	Run make check	2026-09-18T20:12:31.5874120Z   "errors": [],
check (macos-latest)	Run make check	2026-09-18T20:12:31.5874670Z   "scope": "local file links and code fences; Mermaid rendering is separate"
check (macos-latest)	Run make check	2026-09-18T20:12:31.5875200Z }
check (macos-latest)	Post Run astral-sh/setup-uv@bec219d24cd3e171d82865faccec33120bb574f4	﻿2026-09-18T20:12:31.6245440Z Post job cleanup.
check (macos-latest)	Post Run astral-sh/setup-uv@bec219d24cd3e171d82865faccec33120bb574f4	2026-09-18T20:12:32.1065120Z UV_CACHE_DIR is already set to /Users/runner/work/_temp/setup-uv-cache
check (macos-latest)	Post Run astral-sh/setup-uv@bec219d24cd3e171d82865faccec33120bb574f4	2026-09-18T20:12:32.1069410Z UV_PYTHON_INSTALL_DIR is already set to /Users/runner/work/_temp/uv-python-dir
check (macos-latest)	Post Run astral-sh/setup-uv@bec219d24cd3e171d82865faccec33120bb574f4	2026-09-18T20:12:32.1070060Z Including uv cache path: /Users/runner/work/_temp/setup-uv-cache
check (macos-latest)	Post Run astral-sh/setup-uv@bec219d24cd3e171d82865faccec33120bb574f4	2026-09-18T20:12:32.1408540Z [command]/opt/homebrew/bin/gtar --posix -cf cache.tzst --exclude cache.tzst -P -C /Users/runner/work/nisayon/nisayon --files-from manifest.txt --delay-directory-restore --use-compress-program zstdmt
check (macos-latest)	Post Run astral-sh/setup-uv@bec219d24cd3e171d82865faccec33120bb574f4	2026-09-18T20:12:33.2061150Z Sent 18759694 of 18759694 (100.0%), 49.0 MBs/sec
check (macos-latest)	Post Run astral-sh/setup-uv@bec219d24cd3e171d82865faccec33120bb574f4	2026-09-18T20:12:33.2880580Z uv cache saved with key: setup-uv-2-aarch64-apple-darwin-macos-16-unknown-ee4bf0131c9390b1a2325a37458117cd1e7e159f4b5359cd151ff26e61b27c06
check (macos-latest)	Post Run actions/checkout@3d3c42e5aac5ba805825da76410c181273ba90b1	﻿2026-09-18T20:12:33.4351860Z Post job cleanup.
check (macos-latest)	Post Run actions/checkout@3d3c42e5aac5ba805825da76410c181273ba90b1	2026-09-18T20:12:33.6615310Z [command]/opt/homebrew/bin/git version
check (macos-latest)	Post Run actions/checkout@3d3c42e5aac5ba805825da76410c181273ba90b1	2026-09-18T20:12:33.6723470Z git version 2.55.0
check (macos-latest)	Post Run actions/checkout@3d3c42e5aac5ba805825da76410c181273ba90b1	2026-09-18T20:12:33.7042000Z Copying '/Users/runner/.gitconfig' to '/Users/runner/work/_temp/bf1ebe7e-0952-4a5c-8a8d-d3071e993b8c/.gitconfig'
check (macos-latest)	Post Run actions/checkout@3d3c42e5aac5ba805825da76410c181273ba90b1	2026-09-18T20:12:33.7064910Z Temporarily overriding HOME='/Users/runner/work/_temp/bf1ebe7e-0952-4a5c-8a8d-d3071e993b8c' before making global git config changes
check (macos-latest)	Post Run actions/checkout@3d3c42e5aac5ba805825da76410c181273ba90b1	2026-09-18T20:12:33.7089920Z Adding repository directory to the temporary git global config as a safe directory
check (macos-latest)	Post Run actions/checkout@3d3c42e5aac5ba805825da76410c181273ba90b1	2026-09-18T20:12:33.7090860Z [command]/opt/homebrew/bin/git config --global --add safe.directory /Users/runner/work/nisayon/nisayon
check (macos-latest)	Post Run actions/checkout@3d3c42e5aac5ba805825da76410c181273ba90b1	2026-09-18T20:12:33.7296710Z Removing SSH command configuration
check (macos-latest)	Post Run actions/checkout@3d3c42e5aac5ba805825da76410c181273ba90b1	2026-09-18T20:12:33.7369940Z [command]/opt/homebrew/bin/git config --local --name-only --get-regexp core\.sshCommand
check (macos-latest)	Post Run actions/checkout@3d3c42e5aac5ba805825da76410c181273ba90b1	2026-09-18T20:12:33.7676650Z [command]/opt/homebrew/bin/git submodule foreach --recursive sh -c "git config --local --name-only --get-regexp 'core\.sshCommand' && git config --local --unset-all 'core.sshCommand' || :"
check (macos-latest)	Post Run actions/checkout@3d3c42e5aac5ba805825da76410c181273ba90b1	2026-09-18T20:12:33.9519390Z Removing HTTP extra header
check (macos-latest)	Post Run actions/checkout@3d3c42e5aac5ba805825da76410c181273ba90b1	2026-09-18T20:12:33.9591520Z [command]/opt/homebrew/bin/git config --local --name-only --get-regexp http\.https\:\/\/github\.com\/\.extraheader
check (macos-latest)	Post Run actions/checkout@3d3c42e5aac5ba805825da76410c181273ba90b1	2026-09-18T20:12:33.9596290Z [command]/opt/homebrew/bin/git submodule foreach --recursive sh -c "git config --local --name-only --get-regexp 'http\.https\:\/\/github\.com\/\.extraheader' && git config --local --unset-all 'http.https://github.com/.extraheader' || :"
check (macos-latest)	Post Run actions/checkout@3d3c42e5aac5ba805825da76410c181273ba90b1	2026-09-18T20:12:34.1818150Z Removing includeIf entries pointing to credentials config files
check (macos-latest)	Post Run actions/checkout@3d3c42e5aac5ba805825da76410c181273ba90b1	2026-09-18T20:12:34.1919930Z [command]/opt/homebrew/bin/git config --local --name-only --get-regexp ^includeIf\.gitdir:
check (macos-latest)	Post Run actions/checkout@3d3c42e5aac5ba805825da76410c181273ba90b1	2026-09-18T20:12:34.2225240Z [command]/opt/homebrew/bin/git submodule foreach --recursive git config --local --show-origin --name-only --get-regexp remote.origin.url
check (macos-latest)	Complete job	﻿2026-09-18T20:12:34.3900920Z Cleaning up orphan processes
