check (ubuntu-latest)	Set up job	﻿2026-09-18T20:13:42.1567685Z Current runner version: '2.337.0'
check (ubuntu-latest)	Set up job	2026-09-18T20:13:42.1603798Z ##[group]Runner Image Provisioner
check (ubuntu-latest)	Set up job	2026-09-18T20:13:42.1605217Z Hosted Compute Agent
check (ubuntu-latest)	Set up job	2026-09-18T20:13:42.1606232Z Version: 20260828.587
check (ubuntu-latest)	Set up job	2026-09-18T20:13:42.1607426Z Commit: abac92662cab4cc7352de4f9f9d2e2419aad9c29
check (ubuntu-latest)	Set up job	2026-09-18T20:13:42.1608661Z Build Date: 2026-08-28T16:44:25Z
check (ubuntu-latest)	Set up job	2026-09-18T20:13:42.1609831Z Worker ID: {a38c59e2-c0ec-4e88-9e8a-8d8c3b48f594}
check (ubuntu-latest)	Set up job	2026-09-18T20:13:42.1611457Z Azure Region: eastus
check (ubuntu-latest)	Set up job	2026-09-18T20:13:42.1612443Z ##[endgroup]
check (ubuntu-latest)	Set up job	2026-09-18T20:13:42.1615212Z ##[group]Operating System
check (ubuntu-latest)	Set up job	2026-09-18T20:13:42.1616237Z Ubuntu
check (ubuntu-latest)	Set up job	2026-09-18T20:13:42.1617038Z 24.04.5
check (ubuntu-latest)	Set up job	2026-09-18T20:13:42.1618087Z LTS
check (ubuntu-latest)	Set up job	2026-09-18T20:13:42.1618975Z ##[endgroup]
check (ubuntu-latest)	Set up job	2026-09-18T20:13:42.1619905Z ##[group]Runner Image
check (ubuntu-latest)	Set up job	2026-09-18T20:13:42.1621217Z Image: ubuntu-24.04
check (ubuntu-latest)	Set up job	2026-09-18T20:13:42.1622338Z Version: 20260907.300.1
check (ubuntu-latest)	Set up job	2026-09-18T20:13:42.1624184Z Included Software: https://github.com/actions/runner-images/blob/ubuntu24/20260907.300/images/ubuntu/Ubuntu2404-Readme.md
check (ubuntu-latest)	Set up job	2026-09-18T20:13:42.1627799Z Image Release: https://github.com/actions/runner-images/releases/tag/ubuntu24%2F20260907.300
check (ubuntu-latest)	Set up job	2026-09-18T20:13:42.1629555Z ##[endgroup]
check (ubuntu-latest)	Set up job	2026-09-18T20:13:42.1631743Z ##[group]GITHUB_TOKEN Permissions
check (ubuntu-latest)	Set up job	2026-09-18T20:13:42.1634745Z Contents: read
check (ubuntu-latest)	Set up job	2026-09-18T20:13:42.1635879Z Metadata: read
check (ubuntu-latest)	Set up job	2026-09-18T20:13:42.1636806Z ##[endgroup]
check (ubuntu-latest)	Set up job	2026-09-18T20:13:42.1639981Z Secret source: Actions
check (ubuntu-latest)	Set up job	2026-09-18T20:13:42.1641811Z Cache mode: write
check (ubuntu-latest)	Set up job	2026-09-18T20:13:42.1643533Z Prepare workflow directory
check (ubuntu-latest)	Set up job	2026-09-18T20:13:42.2117411Z Prepare all required actions
check (ubuntu-latest)	Set up job	2026-09-18T20:13:42.2174539Z Getting action download info
check (ubuntu-latest)	Set up job	2026-09-18T20:13:42.3916104Z Download action repository 'actions/checkout@3d3c42e5aac5ba805825da76410c181273ba90b1' (SHA:3d3c42e5aac5ba805825da76410c181273ba90b1)
check (ubuntu-latest)	Set up job	2026-09-18T20:13:42.5700428Z Download action repository 'astral-sh/setup-uv@bec219d24cd3e171d82865faccec33120bb574f4' (SHA:bec219d24cd3e171d82865faccec33120bb574f4)
check (ubuntu-latest)	Set up job	2026-09-18T20:13:42.8759751Z Complete job name: check (ubuntu-latest)
check (ubuntu-latest)	Run actions/checkout@3d3c42e5aac5ba805825da76410c181273ba90b1	﻿2026-09-18T20:13:42.9560023Z ##[group]Run actions/checkout@3d3c42e5aac5ba805825da76410c181273ba90b1
check (ubuntu-latest)	Run actions/checkout@3d3c42e5aac5ba805825da76410c181273ba90b1	2026-09-18T20:13:42.9561485Z with:
check (ubuntu-latest)	Run actions/checkout@3d3c42e5aac5ba805825da76410c181273ba90b1	2026-09-18T20:13:42.9562054Z   persist-credentials: false
check (ubuntu-latest)	Run actions/checkout@3d3c42e5aac5ba805825da76410c181273ba90b1	2026-09-18T20:13:42.9562702Z   repository: manfromnowhere143/nisayon
check (ubuntu-latest)	Run actions/checkout@3d3c42e5aac5ba805825da76410c181273ba90b1	2026-09-18T20:13:42.9566947Z   token: ***
check (ubuntu-latest)	Run actions/checkout@3d3c42e5aac5ba805825da76410c181273ba90b1	2026-09-18T20:13:42.9567479Z   ssh-strict: true
check (ubuntu-latest)	Run actions/checkout@3d3c42e5aac5ba805825da76410c181273ba90b1	2026-09-18T20:13:42.9568016Z   ssh-user: git
check (ubuntu-latest)	Run actions/checkout@3d3c42e5aac5ba805825da76410c181273ba90b1	2026-09-18T20:13:42.9568526Z   clean: true
check (ubuntu-latest)	Run actions/checkout@3d3c42e5aac5ba805825da76410c181273ba90b1	2026-09-18T20:13:42.9569058Z   sparse-checkout-cone-mode: true
check (ubuntu-latest)	Run actions/checkout@3d3c42e5aac5ba805825da76410c181273ba90b1	2026-09-18T20:13:42.9569692Z   fetch-depth: 1
check (ubuntu-latest)	Run actions/checkout@3d3c42e5aac5ba805825da76410c181273ba90b1	2026-09-18T20:13:42.9570210Z   fetch-tags: false
check (ubuntu-latest)	Run actions/checkout@3d3c42e5aac5ba805825da76410c181273ba90b1	2026-09-18T20:13:42.9570745Z   show-progress: true
check (ubuntu-latest)	Run actions/checkout@3d3c42e5aac5ba805825da76410c181273ba90b1	2026-09-18T20:13:42.9571427Z   lfs: false
check (ubuntu-latest)	Run actions/checkout@3d3c42e5aac5ba805825da76410c181273ba90b1	2026-09-18T20:13:42.9571944Z   submodules: false
check (ubuntu-latest)	Run actions/checkout@3d3c42e5aac5ba805825da76410c181273ba90b1	2026-09-18T20:13:42.9572484Z   set-safe-directory: true
check (ubuntu-latest)	Run actions/checkout@3d3c42e5aac5ba805825da76410c181273ba90b1	2026-09-18T20:13:42.9573083Z   allow-unsafe-pr-checkout: false
check (ubuntu-latest)	Run actions/checkout@3d3c42e5aac5ba805825da76410c181273ba90b1	2026-09-18T20:13:42.9573984Z ##[endgroup]
check (ubuntu-latest)	Run actions/checkout@3d3c42e5aac5ba805825da76410c181273ba90b1	2026-09-18T20:13:43.0576835Z Syncing repository: manfromnowhere143/nisayon
check (ubuntu-latest)	Run actions/checkout@3d3c42e5aac5ba805825da76410c181273ba90b1	2026-09-18T20:13:43.0578766Z ##[group]Getting Git version info
check (ubuntu-latest)	Run actions/checkout@3d3c42e5aac5ba805825da76410c181273ba90b1	2026-09-18T20:13:43.0579605Z Working directory is '/home/runner/work/nisayon/nisayon'
check (ubuntu-latest)	Run actions/checkout@3d3c42e5aac5ba805825da76410c181273ba90b1	2026-09-18T20:13:43.0580669Z [command]/usr/bin/git version
check (ubuntu-latest)	Run actions/checkout@3d3c42e5aac5ba805825da76410c181273ba90b1	2026-09-18T20:13:43.2214134Z git version 2.55.0
check (ubuntu-latest)	Run actions/checkout@3d3c42e5aac5ba805825da76410c181273ba90b1	2026-09-18T20:13:43.2239303Z ##[endgroup]
check (ubuntu-latest)	Run actions/checkout@3d3c42e5aac5ba805825da76410c181273ba90b1	2026-09-18T20:13:43.2253569Z Temporarily overriding HOME='/home/runner/work/_temp/692a7269-a9c8-48e9-ae86-896b840d261c' before making global git config changes
check (ubuntu-latest)	Run actions/checkout@3d3c42e5aac5ba805825da76410c181273ba90b1	2026-09-18T20:13:43.2255413Z Adding repository directory to the temporary git global config as a safe directory
check (ubuntu-latest)	Run actions/checkout@3d3c42e5aac5ba805825da76410c181273ba90b1	2026-09-18T20:13:43.2259076Z [command]/usr/bin/git config --global --add safe.directory /home/runner/work/nisayon/nisayon
check (ubuntu-latest)	Run actions/checkout@3d3c42e5aac5ba805825da76410c181273ba90b1	2026-09-18T20:13:43.2562870Z Deleting the contents of '/home/runner/work/nisayon/nisayon'
check (ubuntu-latest)	Run actions/checkout@3d3c42e5aac5ba805825da76410c181273ba90b1	2026-09-18T20:13:43.2566688Z ##[group]Determining repository object format
check (ubuntu-latest)	Run actions/checkout@3d3c42e5aac5ba805825da76410c181273ba90b1	2026-09-18T20:13:43.2568427Z ##[endgroup]
check (ubuntu-latest)	Run actions/checkout@3d3c42e5aac5ba805825da76410c181273ba90b1	2026-09-18T20:13:43.2569233Z ##[group]Initializing the repository
check (ubuntu-latest)	Run actions/checkout@3d3c42e5aac5ba805825da76410c181273ba90b1	2026-09-18T20:13:43.2573533Z [command]/usr/bin/git init /home/runner/work/nisayon/nisayon
check (ubuntu-latest)	Run actions/checkout@3d3c42e5aac5ba805825da76410c181273ba90b1	2026-09-18T20:13:43.3477350Z hint: Using 'master' as the name for the initial branch. This default branch name
check (ubuntu-latest)	Run actions/checkout@3d3c42e5aac5ba805825da76410c181273ba90b1	2026-09-18T20:13:43.3479380Z hint: will change to "main" in Git 3.0. To configure the initial branch name
check (ubuntu-latest)	Run actions/checkout@3d3c42e5aac5ba805825da76410c181273ba90b1	2026-09-18T20:13:43.3480581Z hint: to use in all of your new repositories, which will suppress this warning,
check (ubuntu-latest)	Run actions/checkout@3d3c42e5aac5ba805825da76410c181273ba90b1	2026-09-18T20:13:43.3482081Z hint: call:
check (ubuntu-latest)	Run actions/checkout@3d3c42e5aac5ba805825da76410c181273ba90b1	2026-09-18T20:13:43.3482593Z hint:
check (ubuntu-latest)	Run actions/checkout@3d3c42e5aac5ba805825da76410c181273ba90b1	2026-09-18T20:13:43.3483238Z hint: 	git config --global init.defaultBranch <name>
check (ubuntu-latest)	Run actions/checkout@3d3c42e5aac5ba805825da76410c181273ba90b1	2026-09-18T20:13:43.3484136Z hint:
check (ubuntu-latest)	Run actions/checkout@3d3c42e5aac5ba805825da76410c181273ba90b1	2026-09-18T20:13:43.3485331Z hint: Names commonly chosen instead of 'master' are 'main', 'trunk' and
check (ubuntu-latest)	Run actions/checkout@3d3c42e5aac5ba805825da76410c181273ba90b1	2026-09-18T20:13:43.3487195Z hint: 'development'. The just-created branch can be renamed via this command:
check (ubuntu-latest)	Run actions/checkout@3d3c42e5aac5ba805825da76410c181273ba90b1	2026-09-18T20:13:43.3488567Z hint:
check (ubuntu-latest)	Run actions/checkout@3d3c42e5aac5ba805825da76410c181273ba90b1	2026-09-18T20:13:43.3489093Z hint: 	git branch -m <name>
check (ubuntu-latest)	Run actions/checkout@3d3c42e5aac5ba805825da76410c181273ba90b1	2026-09-18T20:13:43.3489748Z hint:
check (ubuntu-latest)	Run actions/checkout@3d3c42e5aac5ba805825da76410c181273ba90b1	2026-09-18T20:13:43.3491336Z hint: Disable this message with "git config set advice.defaultBranchName false"
check (ubuntu-latest)	Run actions/checkout@3d3c42e5aac5ba805825da76410c181273ba90b1	2026-09-18T20:13:43.3492789Z Initialized empty Git repository in /home/runner/work/nisayon/nisayon/.git/
check (ubuntu-latest)	Run actions/checkout@3d3c42e5aac5ba805825da76410c181273ba90b1	2026-09-18T20:13:43.3497832Z [command]/usr/bin/git remote add origin https://github.com/manfromnowhere143/nisayon
check (ubuntu-latest)	Run actions/checkout@3d3c42e5aac5ba805825da76410c181273ba90b1	2026-09-18T20:13:43.3816172Z ##[endgroup]
check (ubuntu-latest)	Run actions/checkout@3d3c42e5aac5ba805825da76410c181273ba90b1	2026-09-18T20:13:43.3817162Z ##[group]Disabling automatic garbage collection
check (ubuntu-latest)	Run actions/checkout@3d3c42e5aac5ba805825da76410c181273ba90b1	2026-09-18T20:13:43.3821301Z [command]/usr/bin/git config --local gc.auto 0
check (ubuntu-latest)	Run actions/checkout@3d3c42e5aac5ba805825da76410c181273ba90b1	2026-09-18T20:13:43.3854443Z ##[endgroup]
check (ubuntu-latest)	Run actions/checkout@3d3c42e5aac5ba805825da76410c181273ba90b1	2026-09-18T20:13:43.3855624Z ##[group]Setting up auth
check (ubuntu-latest)	Run actions/checkout@3d3c42e5aac5ba805825da76410c181273ba90b1	2026-09-18T20:13:43.3856214Z Removing SSH command configuration
check (ubuntu-latest)	Run actions/checkout@3d3c42e5aac5ba805825da76410c181273ba90b1	2026-09-18T20:13:43.3861231Z [command]/usr/bin/git config --local --name-only --get-regexp core\.sshCommand
check (ubuntu-latest)	Run actions/checkout@3d3c42e5aac5ba805825da76410c181273ba90b1	2026-09-18T20:13:43.3893033Z [command]/usr/bin/git submodule foreach --recursive sh -c "git config --local --name-only --get-regexp 'core\.sshCommand' && git config --local --unset-all 'core.sshCommand' || :"
check (ubuntu-latest)	Run actions/checkout@3d3c42e5aac5ba805825da76410c181273ba90b1	2026-09-18T20:13:43.6552419Z Removing HTTP extra header
check (ubuntu-latest)	Run actions/checkout@3d3c42e5aac5ba805825da76410c181273ba90b1	2026-09-18T20:13:43.6557375Z [command]/usr/bin/git config --local --name-only --get-regexp http\.https\:\/\/github\.com\/\.extraheader
check (ubuntu-latest)	Run actions/checkout@3d3c42e5aac5ba805825da76410c181273ba90b1	2026-09-18T20:13:43.6594591Z [command]/usr/bin/git submodule foreach --recursive sh -c "git config --local --name-only --get-regexp 'http\.https\:\/\/github\.com\/\.extraheader' && git config --local --unset-all 'http.https://github.com/.extraheader' || :"
check (ubuntu-latest)	Run actions/checkout@3d3c42e5aac5ba805825da76410c181273ba90b1	2026-09-18T20:13:43.6815214Z Removing includeIf entries pointing to credentials config files
check (ubuntu-latest)	Run actions/checkout@3d3c42e5aac5ba805825da76410c181273ba90b1	2026-09-18T20:13:43.6818896Z [command]/usr/bin/git config --local --name-only --get-regexp ^includeIf\.gitdir:
check (ubuntu-latest)	Run actions/checkout@3d3c42e5aac5ba805825da76410c181273ba90b1	2026-09-18T20:13:43.6859675Z [command]/usr/bin/git submodule foreach --recursive git config --local --show-origin --name-only --get-regexp remote.origin.url
check (ubuntu-latest)	Run actions/checkout@3d3c42e5aac5ba805825da76410c181273ba90b1	2026-09-18T20:13:43.7091569Z [command]/usr/bin/git config --file /home/runner/work/_temp/git-credentials-be5711ed-20d1-49da-b280-392e1ec2d1f3.config http.https://github.com/.extraheader AUTHORIZATION: basic ***
check (ubuntu-latest)	Run actions/checkout@3d3c42e5aac5ba805825da76410c181273ba90b1	2026-09-18T20:13:43.7132665Z [command]/usr/bin/git config --local includeIf.gitdir:/home/runner/work/nisayon/nisayon/.git.path /home/runner/work/_temp/git-credentials-be5711ed-20d1-49da-b280-392e1ec2d1f3.config
check (ubuntu-latest)	Run actions/checkout@3d3c42e5aac5ba805825da76410c181273ba90b1	2026-09-18T20:13:43.7166735Z [command]/usr/bin/git config --local includeIf.gitdir:/home/runner/work/nisayon/nisayon/.git/worktrees/*.path /home/runner/work/_temp/git-credentials-be5711ed-20d1-49da-b280-392e1ec2d1f3.config
check (ubuntu-latest)	Run actions/checkout@3d3c42e5aac5ba805825da76410c181273ba90b1	2026-09-18T20:13:43.7203168Z [command]/usr/bin/git config --local includeIf.gitdir:/github/workspace/.git.path /github/runner_temp/git-credentials-be5711ed-20d1-49da-b280-392e1ec2d1f3.config
check (ubuntu-latest)	Run actions/checkout@3d3c42e5aac5ba805825da76410c181273ba90b1	2026-09-18T20:13:43.7237744Z [command]/usr/bin/git config --local includeIf.gitdir:/github/workspace/.git/worktrees/*.path /github/runner_temp/git-credentials-be5711ed-20d1-49da-b280-392e1ec2d1f3.config
check (ubuntu-latest)	Run actions/checkout@3d3c42e5aac5ba805825da76410c181273ba90b1	2026-09-18T20:13:43.7265740Z ##[endgroup]
check (ubuntu-latest)	Run actions/checkout@3d3c42e5aac5ba805825da76410c181273ba90b1	2026-09-18T20:13:43.7267427Z ##[group]Fetching the repository
check (ubuntu-latest)	Run actions/checkout@3d3c42e5aac5ba805825da76410c181273ba90b1	2026-09-18T20:13:43.7273572Z [command]/usr/bin/git -c protocol.version=2 fetch --no-tags --prune --no-recurse-submodules --depth=1 origin +refs/tags/v0.1.0:refs/tags/v0.1.0
check (ubuntu-latest)	Run actions/checkout@3d3c42e5aac5ba805825da76410c181273ba90b1	2026-09-18T20:13:45.2100326Z From https://github.com/manfromnowhere143/nisayon
check (ubuntu-latest)	Run actions/checkout@3d3c42e5aac5ba805825da76410c181273ba90b1	2026-09-18T20:13:45.2102441Z  * [new tag]         v0.1.0     -> v0.1.0
check (ubuntu-latest)	Run actions/checkout@3d3c42e5aac5ba805825da76410c181273ba90b1	2026-09-18T20:13:45.2112994Z [command]/usr/bin/git tag --list v0.1.0
check (ubuntu-latest)	Run actions/checkout@3d3c42e5aac5ba805825da76410c181273ba90b1	2026-09-18T20:13:45.2194564Z v0.1.0
check (ubuntu-latest)	Run actions/checkout@3d3c42e5aac5ba805825da76410c181273ba90b1	2026-09-18T20:13:45.2204983Z [command]/usr/bin/git rev-parse refs/tags/v0.1.0^{commit}
check (ubuntu-latest)	Run actions/checkout@3d3c42e5aac5ba805825da76410c181273ba90b1	2026-09-18T20:13:45.2230706Z 886710e819c218b89b61ea7a4899ef01d2f2cd24
check (ubuntu-latest)	Run actions/checkout@3d3c42e5aac5ba805825da76410c181273ba90b1	2026-09-18T20:13:45.2235819Z ##[endgroup]
check (ubuntu-latest)	Run actions/checkout@3d3c42e5aac5ba805825da76410c181273ba90b1	2026-09-18T20:13:45.2236933Z ##[group]Determining the checkout info
check (ubuntu-latest)	Run actions/checkout@3d3c42e5aac5ba805825da76410c181273ba90b1	2026-09-18T20:13:45.2237905Z ##[endgroup]
check (ubuntu-latest)	Run actions/checkout@3d3c42e5aac5ba805825da76410c181273ba90b1	2026-09-18T20:13:45.2241538Z [command]/usr/bin/git sparse-checkout disable
check (ubuntu-latest)	Run actions/checkout@3d3c42e5aac5ba805825da76410c181273ba90b1	2026-09-18T20:13:45.2415984Z [command]/usr/bin/git config --local --unset-all extensions.worktreeConfig
check (ubuntu-latest)	Run actions/checkout@3d3c42e5aac5ba805825da76410c181273ba90b1	2026-09-18T20:13:45.2447200Z ##[group]Checking out the ref
check (ubuntu-latest)	Run actions/checkout@3d3c42e5aac5ba805825da76410c181273ba90b1	2026-09-18T20:13:45.2451788Z [command]/usr/bin/git checkout --progress --force refs/tags/v0.1.0
check (ubuntu-latest)	Run actions/checkout@3d3c42e5aac5ba805825da76410c181273ba90b1	2026-09-18T20:13:45.6829721Z Note: switching to 'refs/tags/v0.1.0'.
check (ubuntu-latest)	Run actions/checkout@3d3c42e5aac5ba805825da76410c181273ba90b1	2026-09-18T20:13:45.6831927Z 
check (ubuntu-latest)	Run actions/checkout@3d3c42e5aac5ba805825da76410c181273ba90b1	2026-09-18T20:13:45.6832404Z You are in 'detached HEAD' state. You can look around, make experimental
check (ubuntu-latest)	Run actions/checkout@3d3c42e5aac5ba805825da76410c181273ba90b1	2026-09-18T20:13:45.6833373Z changes and commit them, and you can discard any commits you make in this
check (ubuntu-latest)	Run actions/checkout@3d3c42e5aac5ba805825da76410c181273ba90b1	2026-09-18T20:13:45.6834318Z state without impacting any branches by switching back to a branch.
check (ubuntu-latest)	Run actions/checkout@3d3c42e5aac5ba805825da76410c181273ba90b1	2026-09-18T20:13:45.6834833Z 
check (ubuntu-latest)	Run actions/checkout@3d3c42e5aac5ba805825da76410c181273ba90b1	2026-09-18T20:13:45.6835280Z If you want to create a new branch to retain commits you create, you may
check (ubuntu-latest)	Run actions/checkout@3d3c42e5aac5ba805825da76410c181273ba90b1	2026-09-18T20:13:45.6836058Z do so (now or later) by using -c with the switch command. Example:
check (ubuntu-latest)	Run actions/checkout@3d3c42e5aac5ba805825da76410c181273ba90b1	2026-09-18T20:13:45.6836545Z 
check (ubuntu-latest)	Run actions/checkout@3d3c42e5aac5ba805825da76410c181273ba90b1	2026-09-18T20:13:45.6836714Z   git switch -c <new-branch-name>
check (ubuntu-latest)	Run actions/checkout@3d3c42e5aac5ba805825da76410c181273ba90b1	2026-09-18T20:13:45.6837034Z 
check (ubuntu-latest)	Run actions/checkout@3d3c42e5aac5ba805825da76410c181273ba90b1	2026-09-18T20:13:45.6837225Z Or undo this operation with:
check (ubuntu-latest)	Run actions/checkout@3d3c42e5aac5ba805825da76410c181273ba90b1	2026-09-18T20:13:45.6837518Z 
check (ubuntu-latest)	Run actions/checkout@3d3c42e5aac5ba805825da76410c181273ba90b1	2026-09-18T20:13:45.6837676Z   git switch -
check (ubuntu-latest)	Run actions/checkout@3d3c42e5aac5ba805825da76410c181273ba90b1	2026-09-18T20:13:45.6837895Z 
check (ubuntu-latest)	Run actions/checkout@3d3c42e5aac5ba805825da76410c181273ba90b1	2026-09-18T20:13:45.6838337Z Turn off this advice by setting config variable advice.detachedHead to false
check (ubuntu-latest)	Run actions/checkout@3d3c42e5aac5ba805825da76410c181273ba90b1	2026-09-18T20:13:45.6838926Z 
check (ubuntu-latest)	Run actions/checkout@3d3c42e5aac5ba805825da76410c181273ba90b1	2026-09-18T20:13:45.6839290Z HEAD is now at 886710e Install ripgrep for clean Linux and macOS checks
check (ubuntu-latest)	Run actions/checkout@3d3c42e5aac5ba805825da76410c181273ba90b1	2026-09-18T20:13:45.6885020Z ##[endgroup]
check (ubuntu-latest)	Run actions/checkout@3d3c42e5aac5ba805825da76410c181273ba90b1	2026-09-18T20:13:45.6932901Z [command]/usr/bin/git log -1 --format=%H
check (ubuntu-latest)	Run actions/checkout@3d3c42e5aac5ba805825da76410c181273ba90b1	2026-09-18T20:13:45.6959045Z 886710e819c218b89b61ea7a4899ef01d2f2cd24
check (ubuntu-latest)	Run actions/checkout@3d3c42e5aac5ba805825da76410c181273ba90b1	2026-09-18T20:13:45.6967746Z ##[group]Removing auth
check (ubuntu-latest)	Run actions/checkout@3d3c42e5aac5ba805825da76410c181273ba90b1	2026-09-18T20:13:45.6968448Z Removing SSH command configuration
check (ubuntu-latest)	Run actions/checkout@3d3c42e5aac5ba805825da76410c181273ba90b1	2026-09-18T20:13:45.6972043Z [command]/usr/bin/git config --local --name-only --get-regexp core\.sshCommand
check (ubuntu-latest)	Run actions/checkout@3d3c42e5aac5ba805825da76410c181273ba90b1	2026-09-18T20:13:45.7017410Z [command]/usr/bin/git submodule foreach --recursive sh -c "git config --local --name-only --get-regexp 'core\.sshCommand' && git config --local --unset-all 'core.sshCommand' || :"
check (ubuntu-latest)	Run actions/checkout@3d3c42e5aac5ba805825da76410c181273ba90b1	2026-09-18T20:13:45.7261322Z Removing HTTP extra header
check (ubuntu-latest)	Run actions/checkout@3d3c42e5aac5ba805825da76410c181273ba90b1	2026-09-18T20:13:45.7265445Z [command]/usr/bin/git config --local --name-only --get-regexp http\.https\:\/\/github\.com\/\.extraheader
check (ubuntu-latest)	Run actions/checkout@3d3c42e5aac5ba805825da76410c181273ba90b1	2026-09-18T20:13:45.7303609Z [command]/usr/bin/git submodule foreach --recursive sh -c "git config --local --name-only --get-regexp 'http\.https\:\/\/github\.com\/\.extraheader' && git config --local --unset-all 'http.https://github.com/.extraheader' || :"
check (ubuntu-latest)	Run actions/checkout@3d3c42e5aac5ba805825da76410c181273ba90b1	2026-09-18T20:13:45.7520649Z Removing includeIf entries pointing to credentials config files
check (ubuntu-latest)	Run actions/checkout@3d3c42e5aac5ba805825da76410c181273ba90b1	2026-09-18T20:13:45.7525859Z [command]/usr/bin/git config --local --name-only --get-regexp ^includeIf\.gitdir:
check (ubuntu-latest)	Run actions/checkout@3d3c42e5aac5ba805825da76410c181273ba90b1	2026-09-18T20:13:45.7556232Z includeif.gitdir:/home/runner/work/nisayon/nisayon/.git.path
check (ubuntu-latest)	Run actions/checkout@3d3c42e5aac5ba805825da76410c181273ba90b1	2026-09-18T20:13:45.7557277Z includeif.gitdir:/home/runner/work/nisayon/nisayon/.git/worktrees/*.path
check (ubuntu-latest)	Run actions/checkout@3d3c42e5aac5ba805825da76410c181273ba90b1	2026-09-18T20:13:45.7558348Z includeif.gitdir:/github/workspace/.git.path
check (ubuntu-latest)	Run actions/checkout@3d3c42e5aac5ba805825da76410c181273ba90b1	2026-09-18T20:13:45.7559160Z includeif.gitdir:/github/workspace/.git/worktrees/*.path
check (ubuntu-latest)	Run actions/checkout@3d3c42e5aac5ba805825da76410c181273ba90b1	2026-09-18T20:13:45.7567972Z [command]/usr/bin/git config --local --get-all includeif.gitdir:/home/runner/work/nisayon/nisayon/.git.path
check (ubuntu-latest)	Run actions/checkout@3d3c42e5aac5ba805825da76410c181273ba90b1	2026-09-18T20:13:45.7591647Z /home/runner/work/_temp/git-credentials-be5711ed-20d1-49da-b280-392e1ec2d1f3.config
check (ubuntu-latest)	Run actions/checkout@3d3c42e5aac5ba805825da76410c181273ba90b1	2026-09-18T20:13:45.7605310Z [command]/usr/bin/git config --local --unset includeif.gitdir:/home/runner/work/nisayon/nisayon/.git.path \/home\/runner\/work\/_temp\/git\-credentials\-be5711ed\-20d1\-49da\-b280\-392e1ec2d1f3\.config
check (ubuntu-latest)	Run actions/checkout@3d3c42e5aac5ba805825da76410c181273ba90b1	2026-09-18T20:13:45.7640585Z [command]/usr/bin/git config --local --get-all includeif.gitdir:/home/runner/work/nisayon/nisayon/.git/worktrees/*.path
check (ubuntu-latest)	Run actions/checkout@3d3c42e5aac5ba805825da76410c181273ba90b1	2026-09-18T20:13:45.7668627Z /home/runner/work/_temp/git-credentials-be5711ed-20d1-49da-b280-392e1ec2d1f3.config
check (ubuntu-latest)	Run actions/checkout@3d3c42e5aac5ba805825da76410c181273ba90b1	2026-09-18T20:13:45.7679186Z [command]/usr/bin/git config --local --unset includeif.gitdir:/home/runner/work/nisayon/nisayon/.git/worktrees/*.path \/home\/runner\/work\/_temp\/git\-credentials\-be5711ed\-20d1\-49da\-b280\-392e1ec2d1f3\.config
check (ubuntu-latest)	Run actions/checkout@3d3c42e5aac5ba805825da76410c181273ba90b1	2026-09-18T20:13:45.7712229Z [command]/usr/bin/git config --local --get-all includeif.gitdir:/github/workspace/.git.path
check (ubuntu-latest)	Run actions/checkout@3d3c42e5aac5ba805825da76410c181273ba90b1	2026-09-18T20:13:45.7734945Z /github/runner_temp/git-credentials-be5711ed-20d1-49da-b280-392e1ec2d1f3.config
check (ubuntu-latest)	Run actions/checkout@3d3c42e5aac5ba805825da76410c181273ba90b1	2026-09-18T20:13:45.7746748Z [command]/usr/bin/git config --local --unset includeif.gitdir:/github/workspace/.git.path \/github\/runner_temp\/git\-credentials\-be5711ed\-20d1\-49da\-b280\-392e1ec2d1f3\.config
check (ubuntu-latest)	Run actions/checkout@3d3c42e5aac5ba805825da76410c181273ba90b1	2026-09-18T20:13:45.7777395Z [command]/usr/bin/git config --local --get-all includeif.gitdir:/github/workspace/.git/worktrees/*.path
check (ubuntu-latest)	Run actions/checkout@3d3c42e5aac5ba805825da76410c181273ba90b1	2026-09-18T20:13:45.7798079Z /github/runner_temp/git-credentials-be5711ed-20d1-49da-b280-392e1ec2d1f3.config
check (ubuntu-latest)	Run actions/checkout@3d3c42e5aac5ba805825da76410c181273ba90b1	2026-09-18T20:13:45.7805623Z [command]/usr/bin/git config --local --unset includeif.gitdir:/github/workspace/.git/worktrees/*.path \/github\/runner_temp\/git\-credentials\-be5711ed\-20d1\-49da\-b280\-392e1ec2d1f3\.config
check (ubuntu-latest)	Run actions/checkout@3d3c42e5aac5ba805825da76410c181273ba90b1	2026-09-18T20:13:45.7836102Z [command]/usr/bin/git submodule foreach --recursive git config --local --show-origin --name-only --get-regexp remote.origin.url
check (ubuntu-latest)	Run actions/checkout@3d3c42e5aac5ba805825da76410c181273ba90b1	2026-09-18T20:13:45.8054290Z Removing credentials config '/home/runner/work/_temp/git-credentials-be5711ed-20d1-49da-b280-392e1ec2d1f3.config'
check (ubuntu-latest)	Run actions/checkout@3d3c42e5aac5ba805825da76410c181273ba90b1	2026-09-18T20:13:45.8063091Z ##[endgroup]
check (ubuntu-latest)	Run astral-sh/setup-uv@bec219d24cd3e171d82865faccec33120bb574f4	﻿2026-09-18T20:13:45.8385958Z ##[group]Run astral-sh/setup-uv@bec219d24cd3e171d82865faccec33120bb574f4
check (ubuntu-latest)	Run astral-sh/setup-uv@bec219d24cd3e171d82865faccec33120bb574f4	2026-09-18T20:13:45.8386393Z with:
check (ubuntu-latest)	Run astral-sh/setup-uv@bec219d24cd3e171d82865faccec33120bb574f4	2026-09-18T20:13:45.8386589Z   version: 0.11.28
check (ubuntu-latest)	Run astral-sh/setup-uv@bec219d24cd3e171d82865faccec33120bb574f4	2026-09-18T20:13:45.8386797Z   enable-cache: true
check (ubuntu-latest)	Run astral-sh/setup-uv@bec219d24cd3e171d82865faccec33120bb574f4	2026-09-18T20:13:45.8387034Z   activate-environment: false
check (ubuntu-latest)	Run astral-sh/setup-uv@bec219d24cd3e171d82865faccec33120bb574f4	2026-09-18T20:13:45.8387287Z   no-project: false
check (ubuntu-latest)	Run astral-sh/setup-uv@bec219d24cd3e171d82865faccec33120bb574f4	2026-09-18T20:13:45.8387584Z   working-directory: /home/runner/work/nisayon/nisayon
check (ubuntu-latest)	Run astral-sh/setup-uv@bec219d24cd3e171d82865faccec33120bb574f4	2026-09-18T20:13:45.8390480Z   github-token: ***
check (ubuntu-latest)	Run astral-sh/setup-uv@bec219d24cd3e171d82865faccec33120bb574f4	2026-09-18T20:13:45.8391386Z   cache-dependency-glob: **/*requirements*.txt
check (ubuntu-latest)	Run astral-sh/setup-uv@bec219d24cd3e171d82865faccec33120bb574f4	**/*requirements*.in
check (ubuntu-latest)	Run astral-sh/setup-uv@bec219d24cd3e171d82865faccec33120bb574f4	**/*constraints*.txt
check (ubuntu-latest)	Run astral-sh/setup-uv@bec219d24cd3e171d82865faccec33120bb574f4	**/*constraints*.in
check (ubuntu-latest)	Run astral-sh/setup-uv@bec219d24cd3e171d82865faccec33120bb574f4	**/pyproject.toml
check (ubuntu-latest)	Run astral-sh/setup-uv@bec219d24cd3e171d82865faccec33120bb574f4	**/uv.lock
check (ubuntu-latest)	Run astral-sh/setup-uv@bec219d24cd3e171d82865faccec33120bb574f4	**/*.py.lock
check (ubuntu-latest)	Run astral-sh/setup-uv@bec219d24cd3e171d82865faccec33120bb574f4	
check (ubuntu-latest)	Run astral-sh/setup-uv@bec219d24cd3e171d82865faccec33120bb574f4	2026-09-18T20:13:45.8392039Z   restore-cache: true
check (ubuntu-latest)	Run astral-sh/setup-uv@bec219d24cd3e171d82865faccec33120bb574f4	2026-09-18T20:13:45.8392255Z   save-cache: true
check (ubuntu-latest)	Run astral-sh/setup-uv@bec219d24cd3e171d82865faccec33120bb574f4	2026-09-18T20:13:45.8392459Z   prune-cache: false
check (ubuntu-latest)	Run astral-sh/setup-uv@bec219d24cd3e171d82865faccec33120bb574f4	2026-09-18T20:13:45.8392669Z   cache-python: false
check (ubuntu-latest)	Run astral-sh/setup-uv@bec219d24cd3e171d82865faccec33120bb574f4	2026-09-18T20:13:45.8392903Z   ignore-nothing-to-cache: false
check (ubuntu-latest)	Run astral-sh/setup-uv@bec219d24cd3e171d82865faccec33120bb574f4	2026-09-18T20:13:45.8393174Z   ignore-empty-workdir: false
check (ubuntu-latest)	Run astral-sh/setup-uv@bec219d24cd3e171d82865faccec33120bb574f4	2026-09-18T20:13:45.8393432Z   download-from-astral-mirror: true
check (ubuntu-latest)	Run astral-sh/setup-uv@bec219d24cd3e171d82865faccec33120bb574f4	2026-09-18T20:13:45.8393736Z   add-problem-matchers: true
check (ubuntu-latest)	Run astral-sh/setup-uv@bec219d24cd3e171d82865faccec33120bb574f4	2026-09-18T20:13:45.8393969Z   quiet: false
check (ubuntu-latest)	Run astral-sh/setup-uv@bec219d24cd3e171d82865faccec33120bb574f4	2026-09-18T20:13:45.8394174Z   resolution-strategy: highest
check (ubuntu-latest)	Run astral-sh/setup-uv@bec219d24cd3e171d82865faccec33120bb574f4	2026-09-18T20:13:45.8394410Z ##[endgroup]
check (ubuntu-latest)	Run astral-sh/setup-uv@bec219d24cd3e171d82865faccec33120bb574f4	2026-09-18T20:13:46.0216723Z Fetching manifest data from https://raw.githubusercontent.com/astral-sh/versions/main/v1/uv.ndjson ...
check (ubuntu-latest)	Run astral-sh/setup-uv@bec219d24cd3e171d82865faccec33120bb574f4	2026-09-18T20:13:46.0774157Z Downloading uv from "https://releases.astral.sh/github/uv/releases/download/0.11.28/uv-x86_64-unknown-linux-gnu.tar.gz" ...
check (ubuntu-latest)	Run astral-sh/setup-uv@bec219d24cd3e171d82865faccec33120bb574f4	2026-09-18T20:13:46.5056510Z [command]/usr/bin/tar xz --warning=no-unknown-keyword --overwrite -C /home/runner/work/_temp/04fc034a-014a-4376-899f-40a177c6a261 -f /home/runner/work/_temp/7e2513a4-0b93-40ec-a47c-f12e6d908192
check (ubuntu-latest)	Run astral-sh/setup-uv@bec219d24cd3e171d82865faccec33120bb574f4	2026-09-18T20:13:47.0189273Z Added /home/runner/.local/bin to the path
check (ubuntu-latest)	Run astral-sh/setup-uv@bec219d24cd3e171d82865faccec33120bb574f4	2026-09-18T20:13:47.0194073Z Added /opt/hostedtoolcache/uv/0.11.28/x86_64 to the path
check (ubuntu-latest)	Run astral-sh/setup-uv@bec219d24cd3e171d82865faccec33120bb574f4	2026-09-18T20:13:47.0195627Z Set UV_PYTHON_INSTALL_DIR to /home/runner/work/_temp/uv-python-dir
check (ubuntu-latest)	Run astral-sh/setup-uv@bec219d24cd3e171d82865faccec33120bb574f4	2026-09-18T20:13:47.0196575Z Added /home/runner/work/_temp/uv-python-dir to the path
check (ubuntu-latest)	Run astral-sh/setup-uv@bec219d24cd3e171d82865faccec33120bb574f4	2026-09-18T20:13:47.0222498Z Set UV_CACHE_DIR to /home/runner/work/_temp/setup-uv-cache
check (ubuntu-latest)	Run astral-sh/setup-uv@bec219d24cd3e171d82865faccec33120bb574f4	2026-09-18T20:13:47.0223251Z Successfully installed uv version 0.11.28
check (ubuntu-latest)	Run astral-sh/setup-uv@bec219d24cd3e171d82865faccec33120bb574f4	2026-09-18T20:13:47.1623695Z Searching files using cache dependency glob: /home/runner/work/nisayon/nisayon/**/*requirements*.txt,/home/runner/work/nisayon/nisayon/**/*requirements*.in,/home/runner/work/nisayon/nisayon/**/*constraints*.txt,/home/runner/work/nisayon/nisayon/**/*constraints*.in,/home/runner/work/nisayon/nisayon/**/pyproject.toml,/home/runner/work/nisayon/nisayon/**/uv.lock,/home/runner/work/nisayon/nisayon/**/*.py.lock
check (ubuntu-latest)	Run astral-sh/setup-uv@bec219d24cd3e171d82865faccec33120bb574f4	2026-09-18T20:13:47.3920886Z /home/runner/work/nisayon/nisayon/pyproject.toml
check (ubuntu-latest)	Run astral-sh/setup-uv@bec219d24cd3e171d82865faccec33120bb574f4	2026-09-18T20:13:47.4093871Z /home/runner/work/nisayon/nisayon/uv.lock
check (ubuntu-latest)	Run astral-sh/setup-uv@bec219d24cd3e171d82865faccec33120bb574f4	2026-09-18T20:13:47.4116609Z Found 2 files to hash.
check (ubuntu-latest)	Run astral-sh/setup-uv@bec219d24cd3e171d82865faccec33120bb574f4	2026-09-18T20:13:47.4192986Z Trying to restore cache from GitHub Actions cache with key: setup-uv-2-x86_64-unknown-linux-gnu-ubuntu-24.04-unknown-ee4bf0131c9390b1a2325a37458117cd1e7e159f4b5359cd151ff26e61b27c06
check (ubuntu-latest)	Run astral-sh/setup-uv@bec219d24cd3e171d82865faccec33120bb574f4	2026-09-18T20:13:47.4975826Z Cache hit for: setup-uv-2-x86_64-unknown-linux-gnu-ubuntu-24.04-unknown-ee4bf0131c9390b1a2325a37458117cd1e7e159f4b5359cd151ff26e61b27c06
check (ubuntu-latest)	Run astral-sh/setup-uv@bec219d24cd3e171d82865faccec33120bb574f4	2026-09-18T20:13:47.7163262Z Received 20482701 of 20482701 (100.0%), 103.4 MBs/sec
check (ubuntu-latest)	Run astral-sh/setup-uv@bec219d24cd3e171d82865faccec33120bb574f4	2026-09-18T20:13:47.7163783Z Cache Size: ~20 MB (20482701 B)
check (ubuntu-latest)	Run astral-sh/setup-uv@bec219d24cd3e171d82865faccec33120bb574f4	2026-09-18T20:13:47.7192088Z [command]/usr/bin/tar -xf /home/runner/work/_temp/ebb4a3b4-68fb-4507-a00e-14e6ddaacd64/cache.tzst -P -C /home/runner/work/nisayon/nisayon --use-compress-program unzstd
check (ubuntu-latest)	Run astral-sh/setup-uv@bec219d24cd3e171d82865faccec33120bb574f4	2026-09-18T20:13:47.8916548Z Cache restored successfully
check (ubuntu-latest)	Run astral-sh/setup-uv@bec219d24cd3e171d82865faccec33120bb574f4	2026-09-18T20:13:47.8930491Z cache restored from GitHub Actions cache with key: setup-uv-2-x86_64-unknown-linux-gnu-ubuntu-24.04-unknown-ee4bf0131c9390b1a2325a37458117cd1e7e159f4b5359cd151ff26e61b27c06
check (ubuntu-latest)	Install ripgrep on Linux	﻿2026-09-18T20:13:48.0099961Z ##[group]Run sudo apt-get update
check (ubuntu-latest)	Install ripgrep on Linux	2026-09-18T20:13:48.0100330Z [36;1msudo apt-get update[0m
check (ubuntu-latest)	Install ripgrep on Linux	2026-09-18T20:13:48.0100704Z [36;1msudo apt-get install --yes --no-install-recommends ripgrep[0m
check (ubuntu-latest)	Install ripgrep on Linux	2026-09-18T20:13:48.0142844Z shell: /usr/bin/bash -e {0}
check (ubuntu-latest)	Install ripgrep on Linux	2026-09-18T20:13:48.0143129Z env:
check (ubuntu-latest)	Install ripgrep on Linux	2026-09-18T20:13:48.0143413Z   UV_PYTHON_INSTALL_DIR: /home/runner/work/_temp/uv-python-dir
check (ubuntu-latest)	Install ripgrep on Linux	2026-09-18T20:13:48.0143823Z   UV_CACHE_DIR: /home/runner/work/_temp/setup-uv-cache
check (ubuntu-latest)	Install ripgrep on Linux	2026-09-18T20:13:48.0144135Z ##[endgroup]
check (ubuntu-latest)	Install ripgrep on Linux	2026-09-18T20:13:48.1622273Z Get:1 file:/etc/apt/apt-mirrors.txt Mirrorlist [144 B]
check (ubuntu-latest)	Install ripgrep on Linux	2026-09-18T20:13:48.1919527Z Get:6 https://packages.microsoft.com/ubuntu/24.04/prod noble InRelease [3600 B]
check (ubuntu-latest)	Install ripgrep on Linux	2026-09-18T20:13:48.2177716Z Hit:2 http://azure.archive.ubuntu.com/ubuntu noble InRelease
check (ubuntu-latest)	Install ripgrep on Linux	2026-09-18T20:13:48.2179068Z Get:7 https://dl.google.com/linux/chrome-stable/deb stable InRelease [2548 B]
check (ubuntu-latest)	Install ripgrep on Linux	2026-09-18T20:13:48.2256711Z Get:3 http://azure.archive.ubuntu.com/ubuntu noble-updates InRelease [126 kB]
check (ubuntu-latest)	Install ripgrep on Linux	2026-09-18T20:13:48.2368541Z Get:4 http://azure.archive.ubuntu.com/ubuntu noble-backports InRelease [126 kB]
check (ubuntu-latest)	Install ripgrep on Linux	2026-09-18T20:13:48.2440130Z Get:5 http://azure.archive.ubuntu.com/ubuntu noble-security InRelease [126 kB]
check (ubuntu-latest)	Install ripgrep on Linux	2026-09-18T20:13:48.3527641Z Get:8 https://packages.microsoft.com/ubuntu/24.04/prod noble/main arm64 Packages [429 kB]
check (ubuntu-latest)	Install ripgrep on Linux	2026-09-18T20:13:48.3712507Z Get:9 https://packages.microsoft.com/ubuntu/24.04/prod noble/main amd64 Packages [478 kB]
check (ubuntu-latest)	Install ripgrep on Linux	2026-09-18T20:13:48.4908316Z Get:10 https://dl.google.com/linux/chrome-stable/deb stable/main amd64 Packages [1413 B]
check (ubuntu-latest)	Install ripgrep on Linux	2026-09-18T20:13:48.5199889Z Get:11 http://azure.archive.ubuntu.com/ubuntu noble-updates/main amd64 Packages [1275 kB]
check (ubuntu-latest)	Install ripgrep on Linux	2026-09-18T20:13:48.5292012Z Get:12 http://azure.archive.ubuntu.com/ubuntu noble-updates/main Translation-en [294 kB]
check (ubuntu-latest)	Install ripgrep on Linux	2026-09-18T20:13:48.5313891Z Get:13 http://azure.archive.ubuntu.com/ubuntu noble-updates/main amd64 Components [181 kB]
check (ubuntu-latest)	Install ripgrep on Linux	2026-09-18T20:13:48.5338844Z Get:14 http://azure.archive.ubuntu.com/ubuntu noble-updates/universe amd64 Packages [1689 kB]
check (ubuntu-latest)	Install ripgrep on Linux	2026-09-18T20:13:48.5454384Z Get:15 http://azure.archive.ubuntu.com/ubuntu noble-updates/universe Translation-en [338 kB]
check (ubuntu-latest)	Install ripgrep on Linux	2026-09-18T20:13:48.5472201Z Get:16 http://azure.archive.ubuntu.com/ubuntu noble-updates/universe amd64 Components [388 kB]
check (ubuntu-latest)	Install ripgrep on Linux	2026-09-18T20:13:48.5512336Z Get:17 http://azure.archive.ubuntu.com/ubuntu noble-updates/restricted amd64 Packages [1580 kB]
check (ubuntu-latest)	Install ripgrep on Linux	2026-09-18T20:13:48.5607241Z Get:18 http://azure.archive.ubuntu.com/ubuntu noble-updates/restricted Translation-en [359 kB]
check (ubuntu-latest)	Install ripgrep on Linux	2026-09-18T20:13:48.5641973Z Get:19 http://azure.archive.ubuntu.com/ubuntu noble-updates/multiverse amd64 Packages [45.7 kB]
check (ubuntu-latest)	Install ripgrep on Linux	2026-09-18T20:13:48.5653890Z Get:20 http://azure.archive.ubuntu.com/ubuntu noble-updates/multiverse Translation-en [13.1 kB]
check (ubuntu-latest)	Install ripgrep on Linux	2026-09-18T20:13:48.6107828Z Get:21 http://azure.archive.ubuntu.com/ubuntu noble-updates/multiverse amd64 Components [940 B]
check (ubuntu-latest)	Install ripgrep on Linux	2026-09-18T20:13:48.6123576Z Get:22 http://azure.archive.ubuntu.com/ubuntu noble-backports/main amd64 Packages [65.9 kB]
check (ubuntu-latest)	Install ripgrep on Linux	2026-09-18T20:13:48.6140386Z Get:23 http://azure.archive.ubuntu.com/ubuntu noble-backports/main amd64 Components [5748 B]
check (ubuntu-latest)	Install ripgrep on Linux	2026-09-18T20:13:48.6153874Z Get:24 http://azure.archive.ubuntu.com/ubuntu noble-backports/universe amd64 Packages [34.6 kB]
check (ubuntu-latest)	Install ripgrep on Linux	2026-09-18T20:13:48.6170220Z Get:25 http://azure.archive.ubuntu.com/ubuntu noble-backports/universe Translation-en [18.7 kB]
check (ubuntu-latest)	Install ripgrep on Linux	2026-09-18T20:13:48.6192027Z Get:26 http://azure.archive.ubuntu.com/ubuntu noble-backports/universe amd64 Components [12.6 kB]
check (ubuntu-latest)	Install ripgrep on Linux	2026-09-18T20:13:48.6398485Z Get:27 http://azure.archive.ubuntu.com/ubuntu noble-security/main amd64 Packages [1009 kB]
check (ubuntu-latest)	Install ripgrep on Linux	2026-09-18T20:13:48.6456209Z Get:28 http://azure.archive.ubuntu.com/ubuntu noble-security/main Translation-en [214 kB]
check (ubuntu-latest)	Install ripgrep on Linux	2026-09-18T20:13:48.6478487Z Get:29 http://azure.archive.ubuntu.com/ubuntu noble-security/main amd64 Components [46.4 kB]
check (ubuntu-latest)	Install ripgrep on Linux	2026-09-18T20:13:48.6493571Z Get:30 http://azure.archive.ubuntu.com/ubuntu noble-security/universe amd64 Packages [1208 kB]
check (ubuntu-latest)	Install ripgrep on Linux	2026-09-18T20:13:48.6556737Z Get:31 http://azure.archive.ubuntu.com/ubuntu noble-security/universe Translation-en [243 kB]
check (ubuntu-latest)	Install ripgrep on Linux	2026-09-18T20:13:48.6579853Z Get:32 http://azure.archive.ubuntu.com/ubuntu noble-security/universe amd64 Components [76.2 kB]
check (ubuntu-latest)	Install ripgrep on Linux	2026-09-18T20:13:48.6595803Z Get:33 http://azure.archive.ubuntu.com/ubuntu noble-security/restricted amd64 Packages [1449 kB]
check (ubuntu-latest)	Install ripgrep on Linux	2026-09-18T20:13:48.6712673Z Get:34 http://azure.archive.ubuntu.com/ubuntu noble-security/restricted Translation-en [336 kB]
check (ubuntu-latest)	Install ripgrep on Linux	2026-09-18T20:13:48.7184997Z Get:35 http://azure.archive.ubuntu.com/ubuntu noble-security/multiverse Translation-en [11.3 kB]
check (ubuntu-latest)	Install ripgrep on Linux	2026-09-18T20:13:55.8902488Z Fetched 12.2 MB in 1s (8238 kB/s)
check (ubuntu-latest)	Install ripgrep on Linux	2026-09-18T20:13:56.7047298Z Reading package lists...
check (ubuntu-latest)	Install ripgrep on Linux	2026-09-18T20:13:56.7358881Z Reading package lists...
check (ubuntu-latest)	Install ripgrep on Linux	2026-09-18T20:13:56.9249526Z Building dependency tree...
check (ubuntu-latest)	Install ripgrep on Linux	2026-09-18T20:13:56.9257418Z Reading state information...
check (ubuntu-latest)	Install ripgrep on Linux	2026-09-18T20:13:57.0959848Z The following NEW packages will be installed:
check (ubuntu-latest)	Install ripgrep on Linux	2026-09-18T20:13:57.0960559Z   ripgrep
check (ubuntu-latest)	Install ripgrep on Linux	2026-09-18T20:13:57.1134015Z 0 upgraded, 1 newly installed, 0 to remove and 73 not upgraded.
check (ubuntu-latest)	Install ripgrep on Linux	2026-09-18T20:13:57.1135018Z Need to get 1551 kB of archives.
check (ubuntu-latest)	Install ripgrep on Linux	2026-09-18T20:13:57.1135672Z After this operation, 5335 kB of additional disk space will be used.
check (ubuntu-latest)	Install ripgrep on Linux	2026-09-18T20:13:57.1136299Z Get:1 file:/etc/apt/apt-mirrors.txt Mirrorlist [144 B]
check (ubuntu-latest)	Install ripgrep on Linux	2026-09-18T20:13:57.1474303Z Get:2 http://azure.archive.ubuntu.com/ubuntu noble/universe amd64 ripgrep amd64 14.1.0-1 [1551 kB]
check (ubuntu-latest)	Install ripgrep on Linux	2026-09-18T20:13:57.4686261Z Fetched 1551 kB in 0s (17.8 MB/s)
check (ubuntu-latest)	Install ripgrep on Linux	2026-09-18T20:13:57.5458117Z Selecting previously unselected package ripgrep.
check (ubuntu-latest)	Install ripgrep on Linux	2026-09-18T20:13:57.6038893Z (Reading database ... 
check (ubuntu-latest)	Install ripgrep on Linux	2026-09-18T20:13:57.6039553Z (Reading database ... 5%
check (ubuntu-latest)	Install ripgrep on Linux	2026-09-18T20:13:57.6039877Z (Reading database ... 10%
check (ubuntu-latest)	Install ripgrep on Linux	2026-09-18T20:13:57.6040185Z (Reading database ... 15%
check (ubuntu-latest)	Install ripgrep on Linux	2026-09-18T20:13:57.6040487Z (Reading database ... 20%
check (ubuntu-latest)	Install ripgrep on Linux	2026-09-18T20:13:57.6040785Z (Reading database ... 25%
check (ubuntu-latest)	Install ripgrep on Linux	2026-09-18T20:13:57.6041304Z (Reading database ... 30%
check (ubuntu-latest)	Install ripgrep on Linux	2026-09-18T20:13:57.6041606Z (Reading database ... 35%
check (ubuntu-latest)	Install ripgrep on Linux	2026-09-18T20:13:57.6041907Z (Reading database ... 40%
check (ubuntu-latest)	Install ripgrep on Linux	2026-09-18T20:13:57.6042214Z (Reading database ... 45%
check (ubuntu-latest)	Install ripgrep on Linux	2026-09-18T20:13:57.6042511Z (Reading database ... 50%
check (ubuntu-latest)	Install ripgrep on Linux	2026-09-18T20:13:57.6795244Z (Reading database ... 55%
check (ubuntu-latest)	Install ripgrep on Linux	2026-09-18T20:13:58.1687996Z (Reading database ... 60%
check (ubuntu-latest)	Install ripgrep on Linux	2026-09-18T20:13:58.5097412Z (Reading database ... 65%
check (ubuntu-latest)	Install ripgrep on Linux	2026-09-18T20:13:58.8208155Z (Reading database ... 70%
check (ubuntu-latest)	Install ripgrep on Linux	2026-09-18T20:13:59.2147077Z (Reading database ... 75%
check (ubuntu-latest)	Install ripgrep on Linux	2026-09-18T20:13:59.8591049Z (Reading database ... 80%
check (ubuntu-latest)	Install ripgrep on Linux	2026-09-18T20:14:00.6015154Z (Reading database ... 85%
check (ubuntu-latest)	Install ripgrep on Linux	2026-09-18T20:14:01.3878546Z (Reading database ... 90%
check (ubuntu-latest)	Install ripgrep on Linux	2026-09-18T20:14:02.1813688Z (Reading database ... 95%
check (ubuntu-latest)	Install ripgrep on Linux	2026-09-18T20:14:02.1814786Z (Reading database ... 100%
check (ubuntu-latest)	Install ripgrep on Linux	2026-09-18T20:14:02.1815611Z (Reading database ... 201818 files and directories currently installed.)
check (ubuntu-latest)	Install ripgrep on Linux	2026-09-18T20:14:02.1858492Z Preparing to unpack .../ripgrep_14.1.0-1_amd64.deb ...
check (ubuntu-latest)	Install ripgrep on Linux	2026-09-18T20:14:02.1889758Z Unpacking ripgrep (14.1.0-1) ...
check (ubuntu-latest)	Install ripgrep on Linux	2026-09-18T20:14:02.2689799Z Setting up ripgrep (14.1.0-1) ...
check (ubuntu-latest)	Install ripgrep on Linux	2026-09-18T20:14:02.2721744Z Processing triggers for man-db (2.12.0-4build2) ...
check (ubuntu-latest)	Install ripgrep on Linux	2026-09-18T20:14:02.2745659Z Not building database; man-db/auto-update is not 'true'.
check (ubuntu-latest)	Install ripgrep on Linux	2026-09-18T20:14:03.4212491Z 
check (ubuntu-latest)	Install ripgrep on Linux	2026-09-18T20:14:03.4213261Z Running kernel seems to be up-to-date.
check (ubuntu-latest)	Install ripgrep on Linux	2026-09-18T20:14:03.4213701Z 
check (ubuntu-latest)	Install ripgrep on Linux	2026-09-18T20:14:03.4213882Z No services need to be restarted.
check (ubuntu-latest)	Install ripgrep on Linux	2026-09-18T20:14:03.4214204Z 
check (ubuntu-latest)	Install ripgrep on Linux	2026-09-18T20:14:03.4214385Z No containers need to be restarted.
check (ubuntu-latest)	Install ripgrep on Linux	2026-09-18T20:14:03.4214702Z 
check (ubuntu-latest)	Install ripgrep on Linux	2026-09-18T20:14:03.4214928Z No user sessions are running outdated binaries.
check (ubuntu-latest)	Install ripgrep on Linux	2026-09-18T20:14:03.4215311Z 
check (ubuntu-latest)	Install ripgrep on Linux	2026-09-18T20:14:03.4215658Z No VM guests are running outdated hypervisor (qemu) binaries on this host.
check (ubuntu-latest)	Run rg --version	﻿2026-09-18T20:14:04.4110766Z ##[group]Run rg --version
check (ubuntu-latest)	Run rg --version	2026-09-18T20:14:04.4111906Z [36;1mrg --version[0m
check (ubuntu-latest)	Run rg --version	2026-09-18T20:14:04.4148737Z shell: /usr/bin/bash -e {0}
check (ubuntu-latest)	Run rg --version	2026-09-18T20:14:04.4148993Z env:
check (ubuntu-latest)	Run rg --version	2026-09-18T20:14:04.4149277Z   UV_PYTHON_INSTALL_DIR: /home/runner/work/_temp/uv-python-dir
check (ubuntu-latest)	Run rg --version	2026-09-18T20:14:04.4149680Z   UV_CACHE_DIR: /home/runner/work/_temp/setup-uv-cache
check (ubuntu-latest)	Run rg --version	2026-09-18T20:14:04.4149988Z ##[endgroup]
check (ubuntu-latest)	Run rg --version	2026-09-18T20:14:04.4219937Z ripgrep 14.1.0
check (ubuntu-latest)	Run rg --version	2026-09-18T20:14:04.4220191Z 
check (ubuntu-latest)	Run rg --version	2026-09-18T20:14:04.4220408Z features:-simd-accel,+pcre2
check (ubuntu-latest)	Run rg --version	2026-09-18T20:14:04.4221109Z simd(compile):+SSE2,-SSSE3,-AVX2
check (ubuntu-latest)	Run rg --version	2026-09-18T20:14:04.4221510Z simd(runtime):+SSE2,+SSSE3,+AVX2
check (ubuntu-latest)	Run rg --version	2026-09-18T20:14:04.4221683Z 
check (ubuntu-latest)	Run rg --version	2026-09-18T20:14:04.4221805Z PCRE2 10.42 is available (JIT is available)
check (ubuntu-latest)	Run uv sync --frozen	﻿2026-09-18T20:14:04.4248132Z ##[group]Run uv sync --frozen
check (ubuntu-latest)	Run uv sync --frozen	2026-09-18T20:14:04.4248430Z [36;1muv sync --frozen[0m
check (ubuntu-latest)	Run uv sync --frozen	2026-09-18T20:14:04.4282961Z shell: /usr/bin/bash -e {0}
check (ubuntu-latest)	Run uv sync --frozen	2026-09-18T20:14:04.4283225Z env:
check (ubuntu-latest)	Run uv sync --frozen	2026-09-18T20:14:04.4283501Z   UV_PYTHON_INSTALL_DIR: /home/runner/work/_temp/uv-python-dir
check (ubuntu-latest)	Run uv sync --frozen	2026-09-18T20:14:04.4283898Z   UV_CACHE_DIR: /home/runner/work/_temp/setup-uv-cache
check (ubuntu-latest)	Run uv sync --frozen	2026-09-18T20:14:04.4284201Z ##[endgroup]
check (ubuntu-latest)	Run uv sync --frozen	2026-09-18T20:14:04.5486152Z Downloading cpython-3.12.13-linux-x86_64-gnu (download) (32.6MiB)
check (ubuntu-latest)	Run uv sync --frozen	2026-09-18T20:14:05.4192606Z  Downloaded cpython-3.12.13-linux-x86_64-gnu (download)
check (ubuntu-latest)	Run uv sync --frozen	2026-09-18T20:14:05.5588853Z Using CPython 3.12.13
check (ubuntu-latest)	Run uv sync --frozen	2026-09-18T20:14:05.5589451Z Creating virtual environment at: .venv
check (ubuntu-latest)	Run uv sync --frozen	2026-09-18T20:14:05.5656832Z    Building nisayon-workspace @ file:///home/runner/work/nisayon/nisayon
check (ubuntu-latest)	Run uv sync --frozen	2026-09-18T20:14:05.5671333Z       Built nisayon-workspace @ file:///home/runner/work/nisayon/nisayon
check (ubuntu-latest)	Run uv sync --frozen	2026-09-18T20:14:05.5697202Z Prepared 1 package in 4ms
check (ubuntu-latest)	Run uv sync --frozen	2026-09-18T20:14:05.5962266Z Installed 35 packages in 26ms
check (ubuntu-latest)	Run uv sync --frozen	2026-09-18T20:14:05.5962925Z  + annotated-types==0.8.0
check (ubuntu-latest)	Run uv sync --frozen	2026-09-18T20:14:05.5963334Z  + anyio==4.15.1
check (ubuntu-latest)	Run uv sync --frozen	2026-09-18T20:14:05.5963689Z  + attrs==26.1.0
check (ubuntu-latest)	Run uv sync --frozen	2026-09-18T20:14:05.5964066Z  + cffi==2.1.1
check (ubuntu-latest)	Run uv sync --frozen	2026-09-18T20:14:05.5964404Z  + click==8.5.0
check (ubuntu-latest)	Run uv sync --frozen	2026-09-18T20:14:05.5964769Z  + cryptography==50.0.1
check (ubuntu-latest)	Run uv sync --frozen	2026-09-18T20:14:05.5965151Z  + h11==0.16.0
check (ubuntu-latest)	Run uv sync --frozen	2026-09-18T20:14:05.5965504Z  + httpcore2==2.13.0
check (ubuntu-latest)	Run uv sync --frozen	2026-09-18T20:14:05.5965871Z  + httpx2==2.13.0
check (ubuntu-latest)	Run uv sync --frozen	2026-09-18T20:14:05.5966218Z  + idna==3.20
check (ubuntu-latest)	Run uv sync --frozen	2026-09-18T20:14:05.5966571Z  + iniconfig==2.3.0
check (ubuntu-latest)	Run uv sync --frozen	2026-09-18T20:14:05.5966962Z  + jsonschema==4.26.0
check (ubuntu-latest)	Run uv sync --frozen	2026-09-18T20:14:05.5967392Z  + jsonschema-specifications==2025.9.1
check (ubuntu-latest)	Run uv sync --frozen	2026-09-18T20:14:05.5967878Z  + mcp==2.2.0
check (ubuntu-latest)	Run uv sync --frozen	2026-09-18T20:14:05.5968222Z  + mcp-types==2.2.0
check (ubuntu-latest)	Run uv sync --frozen	2026-09-18T20:14:05.5968830Z  + nisayon-workspace==0.1.0 (from file:///home/runner/work/nisayon/nisayon)
check (ubuntu-latest)	Run uv sync --frozen	2026-09-18T20:14:05.5969582Z  + opentelemetry-api==1.44.0
check (ubuntu-latest)	Run uv sync --frozen	2026-09-18T20:14:05.5970021Z  + packaging==26.3
check (ubuntu-latest)	Run uv sync --frozen	2026-09-18T20:14:05.5970377Z  + pluggy==1.6.0
check (ubuntu-latest)	Run uv sync --frozen	2026-09-18T20:14:05.5970739Z  + pycparser==3.0
check (ubuntu-latest)	Run uv sync --frozen	2026-09-18T20:14:05.5971331Z  + pydantic==2.13.5
check (ubuntu-latest)	Run uv sync --frozen	2026-09-18T20:14:05.5971716Z  + pydantic-core==2.46.5
check (ubuntu-latest)	Run uv sync --frozen	2026-09-18T20:14:05.5972125Z  + pygments==2.21.0
check (ubuntu-latest)	Run uv sync --frozen	2026-09-18T20:14:05.5972803Z  + pyjwt==2.14.0
check (ubuntu-latest)	Run uv sync --frozen	2026-09-18T20:14:05.5973156Z  + pytest==9.1.1
check (ubuntu-latest)	Run uv sync --frozen	2026-09-18T20:14:05.5973538Z  + python-multipart==0.0.32
check (ubuntu-latest)	Run uv sync --frozen	2026-09-18T20:14:05.5973965Z  + referencing==0.37.0
check (ubuntu-latest)	Run uv sync --frozen	2026-09-18T20:14:05.5974351Z  + rpds-py==2026.6.3
check (ubuntu-latest)	Run uv sync --frozen	2026-09-18T20:14:05.5974730Z  + ruff==0.16.8
check (ubuntu-latest)	Run uv sync --frozen	2026-09-18T20:14:05.5975089Z  + sse-starlette==3.4.11
check (ubuntu-latest)	Run uv sync --frozen	2026-09-18T20:14:05.5975484Z  + starlette==1.6.0
check (ubuntu-latest)	Run uv sync --frozen	2026-09-18T20:14:05.5975854Z  + truststore==0.10.4
check (ubuntu-latest)	Run uv sync --frozen	2026-09-18T20:14:05.5976514Z  + typing-extensions==4.16.0
check (ubuntu-latest)	Run uv sync --frozen	2026-09-18T20:14:05.5977022Z  + typing-inspection==0.4.4
check (ubuntu-latest)	Run uv sync --frozen	2026-09-18T20:14:05.5977445Z  + uvicorn==0.53.0
check (ubuntu-latest)	Run make check	﻿2026-09-18T20:14:05.6036844Z ##[group]Run make check
check (ubuntu-latest)	Run make check	2026-09-18T20:14:05.6037130Z [36;1mmake check[0m
check (ubuntu-latest)	Run make check	2026-09-18T20:14:05.6125175Z shell: /usr/bin/bash -e {0}
check (ubuntu-latest)	Run make check	2026-09-18T20:14:05.6125494Z env:
check (ubuntu-latest)	Run make check	2026-09-18T20:14:05.6125792Z   UV_PYTHON_INSTALL_DIR: /home/runner/work/_temp/uv-python-dir
check (ubuntu-latest)	Run make check	2026-09-18T20:14:05.6126218Z   UV_CACHE_DIR: /home/runner/work/_temp/setup-uv-cache
check (ubuntu-latest)	Run make check	2026-09-18T20:14:05.6126528Z ##[endgroup]
check (ubuntu-latest)	Run make check	2026-09-18T20:14:05.6433628Z uv run --frozen ruff check .
check (ubuntu-latest)	Run make check	2026-09-18T20:14:05.8431476Z All checks passed!
check (ubuntu-latest)	Run make check	2026-09-18T20:14:05.8456198Z uv run --frozen ruff format --check .
check (ubuntu-latest)	Run make check	2026-09-18T20:14:05.8957057Z 182 files already formatted
check (ubuntu-latest)	Run make check	2026-09-18T20:14:05.8983261Z uv run --frozen pytest
check (ubuntu-latest)	Run make check	2026-09-18T20:14:08.9454778Z ........................................................................ [ 19%]
check (ubuntu-latest)	Run make check	2026-09-18T20:14:28.2662152Z ..................ssss............s..................................... [ 38%]
check (ubuntu-latest)	Run make check	2026-09-18T20:14:56.5532074Z ........................................................................ [ 58%]
check (ubuntu-latest)	Run make check	2026-09-18T20:15:58.5763991Z ...............................................................s..ss.... [ 77%]
check (ubuntu-latest)	Run make check	2026-09-18T20:16:39.1061649Z .................s.s...................sss.............................. [ 96%]
check (ubuntu-latest)	Run make check	2026-09-18T20:16:39.4472165Z ............                                                             [100%]
check (ubuntu-latest)	Run make check	2026-09-18T20:16:39.4472988Z 359 passed, 14 skipped in 152.54s (0:02:32)
check (ubuntu-latest)	Run make check	2026-09-18T20:16:39.6076756Z uv run --frozen python scripts/check_docs.py
check (ubuntu-latest)	Run make check	2026-09-18T20:16:39.6783189Z {
check (ubuntu-latest)	Run make check	2026-09-18T20:16:39.6783635Z   "documents": 58,
check (ubuntu-latest)	Run make check	2026-09-18T20:16:39.6784021Z   "mermaid_blocks": 3,
check (ubuntu-latest)	Run make check	2026-09-18T20:16:39.6784393Z   "errors": [],
check (ubuntu-latest)	Run make check	2026-09-18T20:16:39.6784937Z   "scope": "local file links and code fences; Mermaid rendering is separate"
check (ubuntu-latest)	Run make check	2026-09-18T20:16:39.6785595Z }
check (ubuntu-latest)	Post Run astral-sh/setup-uv@bec219d24cd3e171d82865faccec33120bb574f4	﻿2026-09-18T20:16:39.6972099Z Post job cleanup.
check (ubuntu-latest)	Post Run astral-sh/setup-uv@bec219d24cd3e171d82865faccec33120bb574f4	2026-09-18T20:16:39.8131238Z UV_CACHE_DIR is already set to /home/runner/work/_temp/setup-uv-cache
check (ubuntu-latest)	Post Run astral-sh/setup-uv@bec219d24cd3e171d82865faccec33120bb574f4	2026-09-18T20:16:39.8136560Z UV_PYTHON_INSTALL_DIR is already set to /home/runner/work/_temp/uv-python-dir
check (ubuntu-latest)	Post Run astral-sh/setup-uv@bec219d24cd3e171d82865faccec33120bb574f4	2026-09-18T20:16:39.8139055Z Cache hit occurred on key setup-uv-2-x86_64-unknown-linux-gnu-ubuntu-24.04-unknown-ee4bf0131c9390b1a2325a37458117cd1e7e159f4b5359cd151ff26e61b27c06, not saving cache.
check (ubuntu-latest)	Post Run actions/checkout@3d3c42e5aac5ba805825da76410c181273ba90b1	﻿2026-09-18T20:16:39.9299120Z Post job cleanup.
check (ubuntu-latest)	Post Run actions/checkout@3d3c42e5aac5ba805825da76410c181273ba90b1	2026-09-18T20:16:40.0119631Z [command]/usr/bin/git version
check (ubuntu-latest)	Post Run actions/checkout@3d3c42e5aac5ba805825da76410c181273ba90b1	2026-09-18T20:16:40.0158582Z git version 2.55.0
check (ubuntu-latest)	Post Run actions/checkout@3d3c42e5aac5ba805825da76410c181273ba90b1	2026-09-18T20:16:40.0200440Z Temporarily overriding HOME='/home/runner/work/_temp/9c8b6ad7-eff8-40a1-ae35-466e493e451b' before making global git config changes
check (ubuntu-latest)	Post Run actions/checkout@3d3c42e5aac5ba805825da76410c181273ba90b1	2026-09-18T20:16:40.0202073Z Adding repository directory to the temporary git global config as a safe directory
check (ubuntu-latest)	Post Run actions/checkout@3d3c42e5aac5ba805825da76410c181273ba90b1	2026-09-18T20:16:40.0205926Z [command]/usr/bin/git config --global --add safe.directory /home/runner/work/nisayon/nisayon
check (ubuntu-latest)	Post Run actions/checkout@3d3c42e5aac5ba805825da76410c181273ba90b1	2026-09-18T20:16:40.0237306Z Removing SSH command configuration
check (ubuntu-latest)	Post Run actions/checkout@3d3c42e5aac5ba805825da76410c181273ba90b1	2026-09-18T20:16:40.0244080Z [command]/usr/bin/git config --local --name-only --get-regexp core\.sshCommand
check (ubuntu-latest)	Post Run actions/checkout@3d3c42e5aac5ba805825da76410c181273ba90b1	2026-09-18T20:16:40.0278363Z [command]/usr/bin/git submodule foreach --recursive sh -c "git config --local --name-only --get-regexp 'core\.sshCommand' && git config --local --unset-all 'core.sshCommand' || :"
check (ubuntu-latest)	Post Run actions/checkout@3d3c42e5aac5ba805825da76410c181273ba90b1	2026-09-18T20:16:40.0502187Z Removing HTTP extra header
check (ubuntu-latest)	Post Run actions/checkout@3d3c42e5aac5ba805825da76410c181273ba90b1	2026-09-18T20:16:40.0507588Z [command]/usr/bin/git config --local --name-only --get-regexp http\.https\:\/\/github\.com\/\.extraheader
check (ubuntu-latest)	Post Run actions/checkout@3d3c42e5aac5ba805825da76410c181273ba90b1	2026-09-18T20:16:40.0542331Z [command]/usr/bin/git submodule foreach --recursive sh -c "git config --local --name-only --get-regexp 'http\.https\:\/\/github\.com\/\.extraheader' && git config --local --unset-all 'http.https://github.com/.extraheader' || :"
check (ubuntu-latest)	Post Run actions/checkout@3d3c42e5aac5ba805825da76410c181273ba90b1	2026-09-18T20:16:40.0761592Z Removing includeIf entries pointing to credentials config files
check (ubuntu-latest)	Post Run actions/checkout@3d3c42e5aac5ba805825da76410c181273ba90b1	2026-09-18T20:16:40.0769780Z [command]/usr/bin/git config --local --name-only --get-regexp ^includeIf\.gitdir:
check (ubuntu-latest)	Post Run actions/checkout@3d3c42e5aac5ba805825da76410c181273ba90b1	2026-09-18T20:16:40.0800521Z [command]/usr/bin/git submodule foreach --recursive git config --local --show-origin --name-only --get-regexp remote.origin.url
check (ubuntu-latest)	Complete job	﻿2026-09-18T20:16:40.1157593Z Cleaning up orphan processes
check (macos-latest)	Set up job	﻿2026-09-18T20:13:49.0334400Z Current runner version: '2.337.0'
check (macos-latest)	Set up job	2026-09-18T20:13:49.0352660Z ##[group]Runner Image Provisioner
check (macos-latest)	Set up job	2026-09-18T20:13:49.0353370Z Hosted Compute Agent
check (macos-latest)	Set up job	2026-09-18T20:13:49.0353760Z Version: 20260828.587
check (macos-latest)	Set up job	2026-09-18T20:13:49.0354190Z Commit: abac92662cab4cc7352de4f9f9d2e2419aad9c29
check (macos-latest)	Set up job	2026-09-18T20:13:49.0369490Z Build Date: 2026-08-28T16:44:25Z
check (macos-latest)	Set up job	2026-09-18T20:13:49.0370100Z Worker ID: {6ef0bd5d-81b5-406d-9fb2-0a9530e6389c}
check (macos-latest)	Set up job	2026-09-18T20:13:49.0370770Z Azure Region: westus
check (macos-latest)	Set up job	2026-09-18T20:13:49.0371200Z ##[endgroup]
check (macos-latest)	Set up job	2026-09-18T20:13:49.0377990Z ##[group]Operating System
check (macos-latest)	Set up job	2026-09-18T20:13:49.0380720Z macOS
check (macos-latest)	Set up job	2026-09-18T20:13:49.0381240Z 26.6.2
check (macos-latest)	Set up job	2026-09-18T20:13:49.0383140Z 25G83
check (macos-latest)	Set up job	2026-09-18T20:13:49.0386030Z ##[endgroup]
check (macos-latest)	Set up job	2026-09-18T20:13:49.0389900Z ##[group]Runner Image
check (macos-latest)	Set up job	2026-09-18T20:13:49.0391820Z Image: macos-26-arm64
check (macos-latest)	Set up job	2026-09-18T20:13:49.0399070Z Version: 20260907.0351.1
check (macos-latest)	Set up job	2026-09-18T20:13:49.0400670Z Included Software: https://github.com/actions/runner-images/blob/macos-26-arm64/20260907.0351/images/macos/macos-26-arm64-Readme.md
check (macos-latest)	Set up job	2026-09-18T20:13:49.0403490Z Image Release: https://github.com/actions/runner-images/releases/tag/macos-26-arm64%2F20260907.0351
check (macos-latest)	Set up job	2026-09-18T20:13:49.0411760Z ##[endgroup]
check (macos-latest)	Set up job	2026-09-18T20:13:49.0412810Z ##[group]GITHUB_TOKEN Permissions
check (macos-latest)	Set up job	2026-09-18T20:13:49.0426350Z Contents: read
check (macos-latest)	Set up job	2026-09-18T20:13:49.0427740Z Metadata: read
check (macos-latest)	Set up job	2026-09-18T20:13:49.0432390Z ##[endgroup]
check (macos-latest)	Set up job	2026-09-18T20:13:49.0435270Z Secret source: Actions
check (macos-latest)	Set up job	2026-09-18T20:13:49.0436300Z Cache mode: write
check (macos-latest)	Set up job	2026-09-18T20:13:49.0436850Z Prepare workflow directory
check (macos-latest)	Set up job	2026-09-18T20:13:49.0889880Z Prepare all required actions
check (macos-latest)	Set up job	2026-09-18T20:13:49.0932030Z Getting action download info
check (macos-latest)	Set up job	2026-09-18T20:13:49.2767810Z Download action repository 'actions/checkout@3d3c42e5aac5ba805825da76410c181273ba90b1' (SHA:3d3c42e5aac5ba805825da76410c181273ba90b1)
check (macos-latest)	Set up job	2026-09-18T20:13:49.6244590Z Download action repository 'astral-sh/setup-uv@bec219d24cd3e171d82865faccec33120bb574f4' (SHA:bec219d24cd3e171d82865faccec33120bb574f4)
check (macos-latest)	Set up job	2026-09-18T20:13:50.8252870Z Complete job name: check (macos-latest)
check (macos-latest)	Run actions/checkout@3d3c42e5aac5ba805825da76410c181273ba90b1	﻿2026-09-18T20:13:50.9065370Z ##[group]Run actions/checkout@3d3c42e5aac5ba805825da76410c181273ba90b1
check (macos-latest)	Run actions/checkout@3d3c42e5aac5ba805825da76410c181273ba90b1	2026-09-18T20:13:50.9066620Z with:
check (macos-latest)	Run actions/checkout@3d3c42e5aac5ba805825da76410c181273ba90b1	2026-09-18T20:13:50.9067200Z   persist-credentials: false
check (macos-latest)	Run actions/checkout@3d3c42e5aac5ba805825da76410c181273ba90b1	2026-09-18T20:13:50.9067900Z   repository: manfromnowhere143/nisayon
check (macos-latest)	Run actions/checkout@3d3c42e5aac5ba805825da76410c181273ba90b1	2026-09-18T20:13:50.9073840Z   token: ***
check (macos-latest)	Run actions/checkout@3d3c42e5aac5ba805825da76410c181273ba90b1	2026-09-18T20:13:50.9074510Z   ssh-strict: true
check (macos-latest)	Run actions/checkout@3d3c42e5aac5ba805825da76410c181273ba90b1	2026-09-18T20:13:50.9075080Z   ssh-user: git
check (macos-latest)	Run actions/checkout@3d3c42e5aac5ba805825da76410c181273ba90b1	2026-09-18T20:13:50.9075730Z   clean: true
check (macos-latest)	Run actions/checkout@3d3c42e5aac5ba805825da76410c181273ba90b1	2026-09-18T20:13:50.9076310Z   sparse-checkout-cone-mode: true
check (macos-latest)	Run actions/checkout@3d3c42e5aac5ba805825da76410c181273ba90b1	2026-09-18T20:13:50.9077090Z   fetch-depth: 1
check (macos-latest)	Run actions/checkout@3d3c42e5aac5ba805825da76410c181273ba90b1	2026-09-18T20:13:50.9077720Z   fetch-tags: false
check (macos-latest)	Run actions/checkout@3d3c42e5aac5ba805825da76410c181273ba90b1	2026-09-18T20:13:50.9078390Z   show-progress: true
check (macos-latest)	Run actions/checkout@3d3c42e5aac5ba805825da76410c181273ba90b1	2026-09-18T20:13:50.9079070Z   lfs: false
check (macos-latest)	Run actions/checkout@3d3c42e5aac5ba805825da76410c181273ba90b1	2026-09-18T20:13:50.9079630Z   submodules: false
check (macos-latest)	Run actions/checkout@3d3c42e5aac5ba805825da76410c181273ba90b1	2026-09-18T20:13:50.9080250Z   set-safe-directory: true
check (macos-latest)	Run actions/checkout@3d3c42e5aac5ba805825da76410c181273ba90b1	2026-09-18T20:13:50.9080930Z   allow-unsafe-pr-checkout: false
check (macos-latest)	Run actions/checkout@3d3c42e5aac5ba805825da76410c181273ba90b1	2026-09-18T20:13:50.9082140Z ##[endgroup]
check (macos-latest)	Run actions/checkout@3d3c42e5aac5ba805825da76410c181273ba90b1	2026-09-18T20:13:51.3699740Z Syncing repository: manfromnowhere143/nisayon
check (macos-latest)	Run actions/checkout@3d3c42e5aac5ba805825da76410c181273ba90b1	2026-09-18T20:13:51.3701730Z ##[group]Getting Git version info
check (macos-latest)	Run actions/checkout@3d3c42e5aac5ba805825da76410c181273ba90b1	2026-09-18T20:13:51.3702720Z Working directory is '/Users/runner/work/nisayon/nisayon'
check (macos-latest)	Run actions/checkout@3d3c42e5aac5ba805825da76410c181273ba90b1	2026-09-18T20:13:51.3704000Z [command]/opt/homebrew/bin/git version
check (macos-latest)	Run actions/checkout@3d3c42e5aac5ba805825da76410c181273ba90b1	2026-09-18T20:13:51.4317280Z git version 2.55.0
check (macos-latest)	Run actions/checkout@3d3c42e5aac5ba805825da76410c181273ba90b1	2026-09-18T20:13:51.4336800Z ##[endgroup]
check (macos-latest)	Run actions/checkout@3d3c42e5aac5ba805825da76410c181273ba90b1	2026-09-18T20:13:51.4349090Z Copying '/Users/runner/.gitconfig' to '/Users/runner/work/_temp/2a478317-5f2d-47bf-9a56-ad74c1fc3c58/.gitconfig'
check (macos-latest)	Run actions/checkout@3d3c42e5aac5ba805825da76410c181273ba90b1	2026-09-18T20:13:51.4354470Z Temporarily overriding HOME='/Users/runner/work/_temp/2a478317-5f2d-47bf-9a56-ad74c1fc3c58' before making global git config changes
check (macos-latest)	Run actions/checkout@3d3c42e5aac5ba805825da76410c181273ba90b1	2026-09-18T20:13:51.4358940Z Adding repository directory to the temporary git global config as a safe directory
check (macos-latest)	Run actions/checkout@3d3c42e5aac5ba805825da76410c181273ba90b1	2026-09-18T20:13:51.4362970Z [command]/opt/homebrew/bin/git config --global --add safe.directory /Users/runner/work/nisayon/nisayon
check (macos-latest)	Run actions/checkout@3d3c42e5aac5ba805825da76410c181273ba90b1	2026-09-18T20:13:51.4489570Z Deleting the contents of '/Users/runner/work/nisayon/nisayon'
check (macos-latest)	Run actions/checkout@3d3c42e5aac5ba805825da76410c181273ba90b1	2026-09-18T20:13:51.4491980Z ##[group]Determining repository object format
check (macos-latest)	Run actions/checkout@3d3c42e5aac5ba805825da76410c181273ba90b1	2026-09-18T20:13:51.4493420Z ##[endgroup]
check (macos-latest)	Run actions/checkout@3d3c42e5aac5ba805825da76410c181273ba90b1	2026-09-18T20:13:51.4495470Z ##[group]Initializing the repository
check (macos-latest)	Run actions/checkout@3d3c42e5aac5ba805825da76410c181273ba90b1	2026-09-18T20:13:51.4496680Z [command]/opt/homebrew/bin/git init /Users/runner/work/nisayon/nisayon
check (macos-latest)	Run actions/checkout@3d3c42e5aac5ba805825da76410c181273ba90b1	2026-09-18T20:13:51.4789790Z hint: Using 'master' as the name for the initial branch. This default branch name
check (macos-latest)	Run actions/checkout@3d3c42e5aac5ba805825da76410c181273ba90b1	2026-09-18T20:13:51.4791450Z hint: will change to "main" in Git 3.0. To configure the initial branch name
check (macos-latest)	Run actions/checkout@3d3c42e5aac5ba805825da76410c181273ba90b1	2026-09-18T20:13:51.4793060Z hint: to use in all of your new repositories, which will suppress this warning,
check (macos-latest)	Run actions/checkout@3d3c42e5aac5ba805825da76410c181273ba90b1	2026-09-18T20:13:51.4794780Z hint: call:
check (macos-latest)	Run actions/checkout@3d3c42e5aac5ba805825da76410c181273ba90b1	2026-09-18T20:13:51.4795590Z hint:
check (macos-latest)	Run actions/checkout@3d3c42e5aac5ba805825da76410c181273ba90b1	2026-09-18T20:13:51.4796390Z hint: 	git config --global init.defaultBranch <name>
check (macos-latest)	Run actions/checkout@3d3c42e5aac5ba805825da76410c181273ba90b1	2026-09-18T20:13:51.4797290Z hint:
check (macos-latest)	Run actions/checkout@3d3c42e5aac5ba805825da76410c181273ba90b1	2026-09-18T20:13:51.4798300Z hint: Names commonly chosen instead of 'master' are 'main', 'trunk' and
check (macos-latest)	Run actions/checkout@3d3c42e5aac5ba805825da76410c181273ba90b1	2026-09-18T20:13:51.4799750Z hint: 'development'. The just-created branch can be renamed via this command:
check (macos-latest)	Run actions/checkout@3d3c42e5aac5ba805825da76410c181273ba90b1	2026-09-18T20:13:51.4800790Z hint:
check (macos-latest)	Run actions/checkout@3d3c42e5aac5ba805825da76410c181273ba90b1	2026-09-18T20:13:51.4801360Z hint: 	git branch -m <name>
check (macos-latest)	Run actions/checkout@3d3c42e5aac5ba805825da76410c181273ba90b1	2026-09-18T20:13:51.4801990Z hint:
check (macos-latest)	Run actions/checkout@3d3c42e5aac5ba805825da76410c181273ba90b1	2026-09-18T20:13:51.4802890Z hint: Disable this message with "git config set advice.defaultBranchName false"
check (macos-latest)	Run actions/checkout@3d3c42e5aac5ba805825da76410c181273ba90b1	2026-09-18T20:13:51.4804300Z Initialized empty Git repository in /Users/runner/work/nisayon/nisayon/.git/
check (macos-latest)	Run actions/checkout@3d3c42e5aac5ba805825da76410c181273ba90b1	2026-09-18T20:13:51.4807030Z [command]/opt/homebrew/bin/git remote add origin https://github.com/manfromnowhere143/nisayon
check (macos-latest)	Run actions/checkout@3d3c42e5aac5ba805825da76410c181273ba90b1	2026-09-18T20:13:51.5030140Z ##[endgroup]
check (macos-latest)	Run actions/checkout@3d3c42e5aac5ba805825da76410c181273ba90b1	2026-09-18T20:13:51.5133010Z ##[group]Disabling automatic garbage collection
check (macos-latest)	Run actions/checkout@3d3c42e5aac5ba805825da76410c181273ba90b1	2026-09-18T20:13:51.5237060Z [command]/opt/homebrew/bin/git config --local gc.auto 0
check (macos-latest)	Run actions/checkout@3d3c42e5aac5ba805825da76410c181273ba90b1	2026-09-18T20:13:51.5336730Z ##[endgroup]
check (macos-latest)	Run actions/checkout@3d3c42e5aac5ba805825da76410c181273ba90b1	2026-09-18T20:13:51.5348360Z ##[group]Setting up auth
check (macos-latest)	Run actions/checkout@3d3c42e5aac5ba805825da76410c181273ba90b1	2026-09-18T20:13:51.5362720Z Removing SSH command configuration
check (macos-latest)	Run actions/checkout@3d3c42e5aac5ba805825da76410c181273ba90b1	2026-09-18T20:13:51.5377330Z [command]/opt/homebrew/bin/git config --local --name-only --get-regexp core\.sshCommand
check (macos-latest)	Run actions/checkout@3d3c42e5aac5ba805825da76410c181273ba90b1	2026-09-18T20:13:51.5386290Z [command]/opt/homebrew/bin/git submodule foreach --recursive sh -c "git config --local --name-only --get-regexp 'core\.sshCommand' && git config --local --unset-all 'core.sshCommand' || :"
check (macos-latest)	Run actions/checkout@3d3c42e5aac5ba805825da76410c181273ba90b1	2026-09-18T20:13:51.6733200Z Removing HTTP extra header
check (macos-latest)	Run actions/checkout@3d3c42e5aac5ba805825da76410c181273ba90b1	2026-09-18T20:13:51.6738820Z [command]/opt/homebrew/bin/git config --local --name-only --get-regexp http\.https\:\/\/github\.com\/\.extraheader
check (macos-latest)	Run actions/checkout@3d3c42e5aac5ba805825da76410c181273ba90b1	2026-09-18T20:13:51.6813290Z [command]/opt/homebrew/bin/git submodule foreach --recursive sh -c "git config --local --name-only --get-regexp 'http\.https\:\/\/github\.com\/\.extraheader' && git config --local --unset-all 'http.https://github.com/.extraheader' || :"
check (macos-latest)	Run actions/checkout@3d3c42e5aac5ba805825da76410c181273ba90b1	2026-09-18T20:13:51.8401890Z Removing includeIf entries pointing to credentials config files
check (macos-latest)	Run actions/checkout@3d3c42e5aac5ba805825da76410c181273ba90b1	2026-09-18T20:13:51.8505800Z [command]/opt/homebrew/bin/git config --local --name-only --get-regexp ^includeIf\.gitdir:
check (macos-latest)	Run actions/checkout@3d3c42e5aac5ba805825da76410c181273ba90b1	2026-09-18T20:13:51.8816390Z [command]/opt/homebrew/bin/git submodule foreach --recursive git config --local --show-origin --name-only --get-regexp remote.origin.url
check (macos-latest)	Run actions/checkout@3d3c42e5aac5ba805825da76410c181273ba90b1	2026-09-18T20:13:52.0421250Z [command]/opt/homebrew/bin/git config --file /Users/runner/work/_temp/git-credentials-746a51b0-478e-413f-8484-271359ff9feb.config http.https://github.com/.extraheader AUTHORIZATION: basic ***
check (macos-latest)	Run actions/checkout@3d3c42e5aac5ba805825da76410c181273ba90b1	2026-09-18T20:13:52.0517260Z [command]/opt/homebrew/bin/git config --local includeIf.gitdir:/Users/runner/work/nisayon/nisayon/.git.path /Users/runner/work/_temp/git-credentials-746a51b0-478e-413f-8484-271359ff9feb.config
check (macos-latest)	Run actions/checkout@3d3c42e5aac5ba805825da76410c181273ba90b1	2026-09-18T20:13:52.0532620Z [command]/opt/homebrew/bin/git config --local includeIf.gitdir:/Users/runner/work/nisayon/nisayon/.git/worktrees/*.path /Users/runner/work/_temp/git-credentials-746a51b0-478e-413f-8484-271359ff9feb.config
check (macos-latest)	Run actions/checkout@3d3c42e5aac5ba805825da76410c181273ba90b1	2026-09-18T20:13:52.0572140Z [command]/opt/homebrew/bin/git config --local includeIf.gitdir:/github/workspace/.git.path /github/runner_temp/git-credentials-746a51b0-478e-413f-8484-271359ff9feb.config
check (macos-latest)	Run actions/checkout@3d3c42e5aac5ba805825da76410c181273ba90b1	2026-09-18T20:13:52.0635480Z [command]/opt/homebrew/bin/git config --local includeIf.gitdir:/github/workspace/.git/worktrees/*.path /github/runner_temp/git-credentials-746a51b0-478e-413f-8484-271359ff9feb.config
check (macos-latest)	Run actions/checkout@3d3c42e5aac5ba805825da76410c181273ba90b1	2026-09-18T20:13:52.0699050Z ##[endgroup]
check (macos-latest)	Run actions/checkout@3d3c42e5aac5ba805825da76410c181273ba90b1	2026-09-18T20:13:52.0699570Z ##[group]Fetching the repository
check (macos-latest)	Run actions/checkout@3d3c42e5aac5ba805825da76410c181273ba90b1	2026-09-18T20:13:52.0703860Z [command]/opt/homebrew/bin/git -c protocol.version=2 fetch --no-tags --prune --no-recurse-submodules --depth=1 origin +refs/tags/v0.1.0:refs/tags/v0.1.0
check (macos-latest)	Run actions/checkout@3d3c42e5aac5ba805825da76410c181273ba90b1	2026-09-18T20:13:54.6691990Z From https://github.com/manfromnowhere143/nisayon
check (macos-latest)	Run actions/checkout@3d3c42e5aac5ba805825da76410c181273ba90b1	2026-09-18T20:13:54.6693160Z  * [new tag]         v0.1.0     -> v0.1.0
check (macos-latest)	Run actions/checkout@3d3c42e5aac5ba805825da76410c181273ba90b1	2026-09-18T20:13:54.6701780Z [command]/opt/homebrew/bin/git tag --list v0.1.0
check (macos-latest)	Run actions/checkout@3d3c42e5aac5ba805825da76410c181273ba90b1	2026-09-18T20:13:54.6812980Z v0.1.0
check (macos-latest)	Run actions/checkout@3d3c42e5aac5ba805825da76410c181273ba90b1	2026-09-18T20:13:54.6824520Z [command]/opt/homebrew/bin/git rev-parse refs/tags/v0.1.0^{commit}
check (macos-latest)	Run actions/checkout@3d3c42e5aac5ba805825da76410c181273ba90b1	2026-09-18T20:13:54.6939920Z 886710e819c218b89b61ea7a4899ef01d2f2cd24
check (macos-latest)	Run actions/checkout@3d3c42e5aac5ba805825da76410c181273ba90b1	2026-09-18T20:13:54.6947730Z ##[endgroup]
check (macos-latest)	Run actions/checkout@3d3c42e5aac5ba805825da76410c181273ba90b1	2026-09-18T20:13:54.6948800Z ##[group]Determining the checkout info
check (macos-latest)	Run actions/checkout@3d3c42e5aac5ba805825da76410c181273ba90b1	2026-09-18T20:13:54.6949890Z ##[endgroup]
check (macos-latest)	Run actions/checkout@3d3c42e5aac5ba805825da76410c181273ba90b1	2026-09-18T20:13:54.6952940Z [command]/opt/homebrew/bin/git sparse-checkout disable
check (macos-latest)	Run actions/checkout@3d3c42e5aac5ba805825da76410c181273ba90b1	2026-09-18T20:13:54.7067620Z [command]/opt/homebrew/bin/git config --local --unset-all extensions.worktreeConfig
check (macos-latest)	Run actions/checkout@3d3c42e5aac5ba805825da76410c181273ba90b1	2026-09-18T20:13:54.7155420Z ##[group]Checking out the ref
check (macos-latest)	Run actions/checkout@3d3c42e5aac5ba805825da76410c181273ba90b1	2026-09-18T20:13:54.7157620Z [command]/opt/homebrew/bin/git checkout --progress --force refs/tags/v0.1.0
check (macos-latest)	Run actions/checkout@3d3c42e5aac5ba805825da76410c181273ba90b1	2026-09-18T20:13:55.7016560Z HEAD is now at 886710e Install ripgrep for clean Linux and macOS checks
check (macos-latest)	Run actions/checkout@3d3c42e5aac5ba805825da76410c181273ba90b1	2026-09-18T20:13:55.7042530Z ##[endgroup]
check (macos-latest)	Run actions/checkout@3d3c42e5aac5ba805825da76410c181273ba90b1	2026-09-18T20:13:55.7307280Z [command]/opt/homebrew/bin/git log -1 --format=%H
check (macos-latest)	Run actions/checkout@3d3c42e5aac5ba805825da76410c181273ba90b1	2026-09-18T20:13:55.7436590Z 886710e819c218b89b61ea7a4899ef01d2f2cd24
check (macos-latest)	Run actions/checkout@3d3c42e5aac5ba805825da76410c181273ba90b1	2026-09-18T20:13:55.7454310Z ##[group]Removing auth
check (macos-latest)	Run actions/checkout@3d3c42e5aac5ba805825da76410c181273ba90b1	2026-09-18T20:13:55.7455240Z Removing SSH command configuration
check (macos-latest)	Run actions/checkout@3d3c42e5aac5ba805825da76410c181273ba90b1	2026-09-18T20:13:55.7462330Z [command]/opt/homebrew/bin/git config --local --name-only --get-regexp core\.sshCommand
check (macos-latest)	Run actions/checkout@3d3c42e5aac5ba805825da76410c181273ba90b1	2026-09-18T20:13:55.7583740Z [command]/opt/homebrew/bin/git submodule foreach --recursive sh -c "git config --local --name-only --get-regexp 'core\.sshCommand' && git config --local --unset-all 'core.sshCommand' || :"
check (macos-latest)	Run actions/checkout@3d3c42e5aac5ba805825da76410c181273ba90b1	2026-09-18T20:13:55.9389190Z Removing HTTP extra header
check (macos-latest)	Run actions/checkout@3d3c42e5aac5ba805825da76410c181273ba90b1	2026-09-18T20:13:55.9490820Z [command]/opt/homebrew/bin/git config --local --name-only --get-regexp http\.https\:\/\/github\.com\/\.extraheader
check (macos-latest)	Run actions/checkout@3d3c42e5aac5ba805825da76410c181273ba90b1	2026-09-18T20:13:55.9796930Z [command]/opt/homebrew/bin/git submodule foreach --recursive sh -c "git config --local --name-only --get-regexp 'http\.https\:\/\/github\.com\/\.extraheader' && git config --local --unset-all 'http.https://github.com/.extraheader' || :"
check (macos-latest)	Run actions/checkout@3d3c42e5aac5ba805825da76410c181273ba90b1	2026-09-18T20:13:56.1325650Z Removing includeIf entries pointing to credentials config files
check (macos-latest)	Run actions/checkout@3d3c42e5aac5ba805825da76410c181273ba90b1	2026-09-18T20:13:56.1327000Z [command]/opt/homebrew/bin/git config --local --name-only --get-regexp ^includeIf\.gitdir:
check (macos-latest)	Run actions/checkout@3d3c42e5aac5ba805825da76410c181273ba90b1	2026-09-18T20:13:56.1403700Z includeif.gitdir:/Users/runner/work/nisayon/nisayon/.git.path
check (macos-latest)	Run actions/checkout@3d3c42e5aac5ba805825da76410c181273ba90b1	2026-09-18T20:13:56.1404300Z includeif.gitdir:/Users/runner/work/nisayon/nisayon/.git/worktrees/*.path
check (macos-latest)	Run actions/checkout@3d3c42e5aac5ba805825da76410c181273ba90b1	2026-09-18T20:13:56.1404740Z includeif.gitdir:/github/workspace/.git.path
check (macos-latest)	Run actions/checkout@3d3c42e5aac5ba805825da76410c181273ba90b1	2026-09-18T20:13:56.1405160Z includeif.gitdir:/github/workspace/.git/worktrees/*.path
check (macos-latest)	Run actions/checkout@3d3c42e5aac5ba805825da76410c181273ba90b1	2026-09-18T20:13:56.1416080Z [command]/opt/homebrew/bin/git config --local --get-all includeif.gitdir:/Users/runner/work/nisayon/nisayon/.git.path
check (macos-latest)	Run actions/checkout@3d3c42e5aac5ba805825da76410c181273ba90b1	2026-09-18T20:13:56.1505210Z /Users/runner/work/_temp/git-credentials-746a51b0-478e-413f-8484-271359ff9feb.config
check (macos-latest)	Run actions/checkout@3d3c42e5aac5ba805825da76410c181273ba90b1	2026-09-18T20:13:56.1728430Z [command]/opt/homebrew/bin/git config --local --unset includeif.gitdir:/Users/runner/work/nisayon/nisayon/.git.path \/Users\/runner\/work\/_temp\/git\-credentials\-746a51b0\-478e\-413f\-8484\-271359ff9feb\.config
check (macos-latest)	Run actions/checkout@3d3c42e5aac5ba805825da76410c181273ba90b1	2026-09-18T20:13:56.2035000Z [command]/opt/homebrew/bin/git config --local --get-all includeif.gitdir:/Users/runner/work/nisayon/nisayon/.git/worktrees/*.path
check (macos-latest)	Run actions/checkout@3d3c42e5aac5ba805825da76410c181273ba90b1	2026-09-18T20:13:56.2137120Z /Users/runner/work/_temp/git-credentials-746a51b0-478e-413f-8484-271359ff9feb.config
check (macos-latest)	Run actions/checkout@3d3c42e5aac5ba805825da76410c181273ba90b1	2026-09-18T20:13:56.2146700Z [command]/opt/homebrew/bin/git config --local --unset includeif.gitdir:/Users/runner/work/nisayon/nisayon/.git/worktrees/*.path \/Users\/runner\/work\/_temp\/git\-credentials\-746a51b0\-478e\-413f\-8484\-271359ff9feb\.config
check (macos-latest)	Run actions/checkout@3d3c42e5aac5ba805825da76410c181273ba90b1	2026-09-18T20:13:56.2147860Z [command]/opt/homebrew/bin/git config --local --get-all includeif.gitdir:/github/workspace/.git.path
check (macos-latest)	Run actions/checkout@3d3c42e5aac5ba805825da76410c181273ba90b1	2026-09-18T20:13:56.2148490Z /github/runner_temp/git-credentials-746a51b0-478e-413f-8484-271359ff9feb.config
check (macos-latest)	Run actions/checkout@3d3c42e5aac5ba805825da76410c181273ba90b1	2026-09-18T20:13:56.2150240Z [command]/opt/homebrew/bin/git config --local --unset includeif.gitdir:/github/workspace/.git.path \/github\/runner_temp\/git\-credentials\-746a51b0\-478e\-413f\-8484\-271359ff9feb\.config
check (macos-latest)	Run actions/checkout@3d3c42e5aac5ba805825da76410c181273ba90b1	2026-09-18T20:13:56.2173180Z [command]/opt/homebrew/bin/git config --local --get-all includeif.gitdir:/github/workspace/.git/worktrees/*.path
check (macos-latest)	Run actions/checkout@3d3c42e5aac5ba805825da76410c181273ba90b1	2026-09-18T20:13:56.2242680Z /github/runner_temp/git-credentials-746a51b0-478e-413f-8484-271359ff9feb.config
check (macos-latest)	Run actions/checkout@3d3c42e5aac5ba805825da76410c181273ba90b1	2026-09-18T20:13:56.2255320Z [command]/opt/homebrew/bin/git config --local --unset includeif.gitdir:/github/workspace/.git/worktrees/*.path \/github\/runner_temp\/git\-credentials\-746a51b0\-478e\-413f\-8484\-271359ff9feb\.config
check (macos-latest)	Run actions/checkout@3d3c42e5aac5ba805825da76410c181273ba90b1	2026-09-18T20:13:56.2384270Z [command]/opt/homebrew/bin/git submodule foreach --recursive git config --local --show-origin --name-only --get-regexp remote.origin.url
check (macos-latest)	Run actions/checkout@3d3c42e5aac5ba805825da76410c181273ba90b1	2026-09-18T20:13:56.3549900Z Removing credentials config '/Users/runner/work/_temp/git-credentials-746a51b0-478e-413f-8484-271359ff9feb.config'
check (macos-latest)	Run actions/checkout@3d3c42e5aac5ba805825da76410c181273ba90b1	2026-09-18T20:13:56.3553040Z ##[endgroup]
check (macos-latest)	Run astral-sh/setup-uv@bec219d24cd3e171d82865faccec33120bb574f4	﻿2026-09-18T20:13:56.4038420Z ##[group]Run astral-sh/setup-uv@bec219d24cd3e171d82865faccec33120bb574f4
check (macos-latest)	Run astral-sh/setup-uv@bec219d24cd3e171d82865faccec33120bb574f4	2026-09-18T20:13:56.4038850Z with:
check (macos-latest)	Run astral-sh/setup-uv@bec219d24cd3e171d82865faccec33120bb574f4	2026-09-18T20:13:56.4039050Z   version: 0.11.28
check (macos-latest)	Run astral-sh/setup-uv@bec219d24cd3e171d82865faccec33120bb574f4	2026-09-18T20:13:56.4039210Z   enable-cache: true
check (macos-latest)	Run astral-sh/setup-uv@bec219d24cd3e171d82865faccec33120bb574f4	2026-09-18T20:13:56.4039420Z   activate-environment: false
check (macos-latest)	Run astral-sh/setup-uv@bec219d24cd3e171d82865faccec33120bb574f4	2026-09-18T20:13:56.4039600Z   no-project: false
check (macos-latest)	Run astral-sh/setup-uv@bec219d24cd3e171d82865faccec33120bb574f4	2026-09-18T20:13:56.4039810Z   working-directory: /Users/runner/work/nisayon/nisayon
check (macos-latest)	Run astral-sh/setup-uv@bec219d24cd3e171d82865faccec33120bb574f4	2026-09-18T20:13:56.4042140Z   github-token: ***
check (macos-latest)	Run astral-sh/setup-uv@bec219d24cd3e171d82865faccec33120bb574f4	2026-09-18T20:13:56.4042710Z   cache-dependency-glob: **/*requirements*.txt
check (macos-latest)	Run astral-sh/setup-uv@bec219d24cd3e171d82865faccec33120bb574f4	**/*requirements*.in
check (macos-latest)	Run astral-sh/setup-uv@bec219d24cd3e171d82865faccec33120bb574f4	**/*constraints*.txt
check (macos-latest)	Run astral-sh/setup-uv@bec219d24cd3e171d82865faccec33120bb574f4	**/*constraints*.in
check (macos-latest)	Run astral-sh/setup-uv@bec219d24cd3e171d82865faccec33120bb574f4	**/pyproject.toml
check (macos-latest)	Run astral-sh/setup-uv@bec219d24cd3e171d82865faccec33120bb574f4	**/uv.lock
check (macos-latest)	Run astral-sh/setup-uv@bec219d24cd3e171d82865faccec33120bb574f4	**/*.py.lock
check (macos-latest)	Run astral-sh/setup-uv@bec219d24cd3e171d82865faccec33120bb574f4	
check (macos-latest)	Run astral-sh/setup-uv@bec219d24cd3e171d82865faccec33120bb574f4	2026-09-18T20:13:56.4043270Z   restore-cache: true
check (macos-latest)	Run astral-sh/setup-uv@bec219d24cd3e171d82865faccec33120bb574f4	2026-09-18T20:13:56.4043430Z   save-cache: true
check (macos-latest)	Run astral-sh/setup-uv@bec219d24cd3e171d82865faccec33120bb574f4	2026-09-18T20:13:56.4043650Z   prune-cache: false
check (macos-latest)	Run astral-sh/setup-uv@bec219d24cd3e171d82865faccec33120bb574f4	2026-09-18T20:13:56.4043890Z   cache-python: false
check (macos-latest)	Run astral-sh/setup-uv@bec219d24cd3e171d82865faccec33120bb574f4	2026-09-18T20:13:56.4044180Z   ignore-nothing-to-cache: false
check (macos-latest)	Run astral-sh/setup-uv@bec219d24cd3e171d82865faccec33120bb574f4	2026-09-18T20:13:56.4044510Z   ignore-empty-workdir: false
check (macos-latest)	Run astral-sh/setup-uv@bec219d24cd3e171d82865faccec33120bb574f4	2026-09-18T20:13:56.4044800Z   download-from-astral-mirror: true
check (macos-latest)	Run astral-sh/setup-uv@bec219d24cd3e171d82865faccec33120bb574f4	2026-09-18T20:13:56.4045120Z   add-problem-matchers: true
check (macos-latest)	Run astral-sh/setup-uv@bec219d24cd3e171d82865faccec33120bb574f4	2026-09-18T20:13:56.4045360Z   quiet: false
check (macos-latest)	Run astral-sh/setup-uv@bec219d24cd3e171d82865faccec33120bb574f4	2026-09-18T20:13:56.4045560Z   resolution-strategy: highest
check (macos-latest)	Run astral-sh/setup-uv@bec219d24cd3e171d82865faccec33120bb574f4	2026-09-18T20:13:56.4045840Z ##[endgroup]
check (macos-latest)	Run astral-sh/setup-uv@bec219d24cd3e171d82865faccec33120bb574f4	2026-09-18T20:13:56.7973240Z Fetching manifest data from https://raw.githubusercontent.com/astral-sh/versions/main/v1/uv.ndjson ...
check (macos-latest)	Run astral-sh/setup-uv@bec219d24cd3e171d82865faccec33120bb574f4	2026-09-18T20:13:56.9354510Z Downloading uv from "https://releases.astral.sh/github/uv/releases/download/0.11.28/uv-aarch64-apple-darwin.tar.gz" ...
check (macos-latest)	Run astral-sh/setup-uv@bec219d24cd3e171d82865faccec33120bb574f4	2026-09-18T20:13:57.5353880Z [command]/usr/bin/tar xz -C /Users/runner/work/_temp/a7165bb4-4e8c-42f7-b769-d1afdb67ae44 -f /Users/runner/work/_temp/09ee4af3-01d1-4b66-ad21-c98c6bd60712
check (macos-latest)	Run astral-sh/setup-uv@bec219d24cd3e171d82865faccec33120bb574f4	2026-09-18T20:13:57.8711430Z Added /Users/runner/.local/bin to the path
check (macos-latest)	Run astral-sh/setup-uv@bec219d24cd3e171d82865faccec33120bb574f4	2026-09-18T20:13:57.8758180Z Added /Users/runner/hostedtoolcache/uv/0.11.28/aarch64 to the path
check (macos-latest)	Run astral-sh/setup-uv@bec219d24cd3e171d82865faccec33120bb574f4	2026-09-18T20:13:57.8760080Z Set UV_PYTHON_INSTALL_DIR to /Users/runner/work/_temp/uv-python-dir
check (macos-latest)	Run astral-sh/setup-uv@bec219d24cd3e171d82865faccec33120bb574f4	2026-09-18T20:13:57.8762070Z Added /Users/runner/work/_temp/uv-python-dir to the path
check (macos-latest)	Run astral-sh/setup-uv@bec219d24cd3e171d82865faccec33120bb574f4	2026-09-18T20:13:57.8809800Z Set UV_CACHE_DIR to /Users/runner/work/_temp/setup-uv-cache
check (macos-latest)	Run astral-sh/setup-uv@bec219d24cd3e171d82865faccec33120bb574f4	2026-09-18T20:13:57.8810200Z Successfully installed uv version 0.11.28
check (macos-latest)	Run astral-sh/setup-uv@bec219d24cd3e171d82865faccec33120bb574f4	2026-09-18T20:14:01.8005660Z Searching files using cache dependency glob: /Users/runner/work/nisayon/nisayon/**/*requirements*.txt,/Users/runner/work/nisayon/nisayon/**/*requirements*.in,/Users/runner/work/nisayon/nisayon/**/*constraints*.txt,/Users/runner/work/nisayon/nisayon/**/*constraints*.in,/Users/runner/work/nisayon/nisayon/**/pyproject.toml,/Users/runner/work/nisayon/nisayon/**/uv.lock,/Users/runner/work/nisayon/nisayon/**/*.py.lock
check (macos-latest)	Run astral-sh/setup-uv@bec219d24cd3e171d82865faccec33120bb574f4	2026-09-18T20:14:02.0528800Z /Users/runner/work/nisayon/nisayon/pyproject.toml
check (macos-latest)	Run astral-sh/setup-uv@bec219d24cd3e171d82865faccec33120bb574f4	2026-09-18T20:14:02.0716590Z /Users/runner/work/nisayon/nisayon/uv.lock
check (macos-latest)	Run astral-sh/setup-uv@bec219d24cd3e171d82865faccec33120bb574f4	2026-09-18T20:14:02.0720420Z Found 2 files to hash.
check (macos-latest)	Run astral-sh/setup-uv@bec219d24cd3e171d82865faccec33120bb574f4	2026-09-18T20:14:02.1034040Z Trying to restore cache from GitHub Actions cache with key: setup-uv-2-aarch64-apple-darwin-macos-16-unknown-ee4bf0131c9390b1a2325a37458117cd1e7e159f4b5359cd151ff26e61b27c06
check (macos-latest)	Run astral-sh/setup-uv@bec219d24cd3e171d82865faccec33120bb574f4	2026-09-18T20:14:02.1977330Z Cache hit for: setup-uv-2-aarch64-apple-darwin-macos-16-unknown-ee4bf0131c9390b1a2325a37458117cd1e7e159f4b5359cd151ff26e61b27c06
check (macos-latest)	Run astral-sh/setup-uv@bec219d24cd3e171d82865faccec33120bb574f4	2026-09-18T20:14:02.4454570Z Received 18759694 of 18759694 (100.0%), 86.4 MBs/sec
check (macos-latest)	Run astral-sh/setup-uv@bec219d24cd3e171d82865faccec33120bb574f4	2026-09-18T20:14:02.4556380Z Cache Size: ~18 MB (18759694 B)
check (macos-latest)	Run astral-sh/setup-uv@bec219d24cd3e171d82865faccec33120bb574f4	2026-09-18T20:14:02.4658450Z [command]/opt/homebrew/bin/gtar -xf /Users/runner/work/_temp/0b02e241-1288-48c8-84b4-326a694d17bd/cache.tzst -P -C /Users/runner/work/nisayon/nisayon --delay-directory-restore --use-compress-program unzstd
check (macos-latest)	Run astral-sh/setup-uv@bec219d24cd3e171d82865faccec33120bb574f4	2026-09-18T20:14:02.9193830Z Cache restored successfully
check (macos-latest)	Run astral-sh/setup-uv@bec219d24cd3e171d82865faccec33120bb574f4	2026-09-18T20:14:02.9224380Z cache restored from GitHub Actions cache with key: setup-uv-2-aarch64-apple-darwin-macos-16-unknown-ee4bf0131c9390b1a2325a37458117cd1e7e159f4b5359cd151ff26e61b27c06
check (macos-latest)	Install ripgrep on macOS	﻿2026-09-18T20:14:03.0683260Z ##[group]Run brew install ripgrep
check (macos-latest)	Install ripgrep on macOS	2026-09-18T20:14:03.0684020Z [36;1mbrew install ripgrep[0m
check (macos-latest)	Install ripgrep on macOS	2026-09-18T20:14:03.0841920Z shell: /bin/bash -e {0}
check (macos-latest)	Install ripgrep on macOS	2026-09-18T20:14:03.0842760Z env:
check (macos-latest)	Install ripgrep on macOS	2026-09-18T20:14:03.0843540Z   UV_PYTHON_INSTALL_DIR: /Users/runner/work/_temp/uv-python-dir
check (macos-latest)	Install ripgrep on macOS	2026-09-18T20:14:03.0844670Z   UV_CACHE_DIR: /Users/runner/work/_temp/setup-uv-cache
check (macos-latest)	Install ripgrep on macOS	2026-09-18T20:14:03.0845490Z   HOMEBREW_NO_AUTO_UPDATE: 1
check (macos-latest)	Install ripgrep on macOS	2026-09-18T20:14:03.0846370Z ##[endgroup]
check (macos-latest)	Install ripgrep on macOS	2026-09-18T20:14:06.3534390Z [32m==>[0m [1mDownloading bottle manifests[0m
check (macos-latest)	Install ripgrep on macOS	2026-09-18T20:14:06.3716170Z ✔︎ Bottle Manifest ripgrep (15.2.0)
check (macos-latest)	Install ripgrep on macOS	2026-09-18T20:14:06.3716840Z [34m==>[0m [1mWould install 1 formula:[0m
check (macos-latest)	Install ripgrep on macOS	2026-09-18T20:14:06.3782350Z ripgrep
check (macos-latest)	Install ripgrep on macOS	2026-09-18T20:14:06.5143830Z [32m==>[0m [1mFetching downloads for: [32mripgrep[39m[0m
check (macos-latest)	Install ripgrep on macOS	2026-09-18T20:14:06.9683470Z ✔︎ Bottle ripgrep (15.2.0)
check (macos-latest)	Install ripgrep on macOS	2026-09-18T20:14:06.9861040Z [34m==>[0m [1mPouring ripgrep--15.2.0.arm64_tahoe.bottle.1.tar.gz[0m
check (macos-latest)	Install ripgrep on macOS	2026-09-18T20:14:07.2856020Z 🍺  /opt/homebrew/Cellar/ripgrep/15.2.0: 14 files, 6.8MB
check (macos-latest)	Install ripgrep on macOS	2026-09-18T20:14:07.2859340Z [32m==>[0m [1mCaveats[0m
check (macos-latest)	Install ripgrep on macOS	2026-09-18T20:14:07.2860220Z Bash completion has been installed to:
check (macos-latest)	Install ripgrep on macOS	2026-09-18T20:14:07.2860560Z   /opt/homebrew/etc/bash_completion.d
check (macos-latest)	Run rg --version	﻿2026-09-18T20:14:07.3050230Z ##[group]Run rg --version
check (macos-latest)	Run rg --version	2026-09-18T20:14:07.3050540Z [36;1mrg --version[0m
check (macos-latest)	Run rg --version	2026-09-18T20:14:07.3093500Z shell: /bin/bash -e {0}
check (macos-latest)	Run rg --version	2026-09-18T20:14:07.3093840Z env:
check (macos-latest)	Run rg --version	2026-09-18T20:14:07.3094300Z   UV_PYTHON_INSTALL_DIR: /Users/runner/work/_temp/uv-python-dir
check (macos-latest)	Run rg --version	2026-09-18T20:14:07.3094780Z   UV_CACHE_DIR: /Users/runner/work/_temp/setup-uv-cache
check (macos-latest)	Run rg --version	2026-09-18T20:14:07.3095100Z ##[endgroup]
check (macos-latest)	Run rg --version	2026-09-18T20:14:07.3699440Z ripgrep 15.2.0
check (macos-latest)	Run rg --version	2026-09-18T20:14:07.3700030Z 
check (macos-latest)	Run rg --version	2026-09-18T20:14:07.3701290Z features:+pcre2
check (macos-latest)	Run rg --version	2026-09-18T20:14:07.3701670Z simd(compile):+NEON
check (macos-latest)	Run rg --version	2026-09-18T20:14:07.3702270Z simd(runtime):+NEON
check (macos-latest)	Run rg --version	2026-09-18T20:14:07.3703100Z 
check (macos-latest)	Run rg --version	2026-09-18T20:14:07.3703290Z PCRE2 10.45 is available (JIT is available)
check (macos-latest)	Run uv sync --frozen	﻿2026-09-18T20:14:07.3740320Z ##[group]Run uv sync --frozen
check (macos-latest)	Run uv sync --frozen	2026-09-18T20:14:07.3740630Z [36;1muv sync --frozen[0m
check (macos-latest)	Run uv sync --frozen	2026-09-18T20:14:07.3800870Z shell: /bin/bash -e {0}
check (macos-latest)	Run uv sync --frozen	2026-09-18T20:14:07.3801210Z env:
check (macos-latest)	Run uv sync --frozen	2026-09-18T20:14:07.3801510Z   UV_PYTHON_INSTALL_DIR: /Users/runner/work/_temp/uv-python-dir
check (macos-latest)	Run uv sync --frozen	2026-09-18T20:14:07.3801960Z   UV_CACHE_DIR: /Users/runner/work/_temp/setup-uv-cache
check (macos-latest)	Run uv sync --frozen	2026-09-18T20:14:07.3802270Z ##[endgroup]
check (macos-latest)	Run uv sync --frozen	2026-09-18T20:14:08.0170860Z Downloading cpython-3.12.13-macos-aarch64-none (download) (23.8MiB)
check (macos-latest)	Run uv sync --frozen	2026-09-18T20:14:08.8734890Z  Downloaded cpython-3.12.13-macos-aarch64-none (download)
check (macos-latest)	Run uv sync --frozen	2026-09-18T20:14:09.9265860Z Using CPython 3.12.13
check (macos-latest)	Run uv sync --frozen	2026-09-18T20:14:09.9322080Z Creating virtual environment at: .venv
check (macos-latest)	Run uv sync --frozen	2026-09-18T20:14:10.0189800Z    Building nisayon-workspace @ file:///Users/runner/work/nisayon/nisayon
check (macos-latest)	Run uv sync --frozen	2026-09-18T20:14:10.0350250Z       Built nisayon-workspace @ file:///Users/runner/work/nisayon/nisayon
check (macos-latest)	Run uv sync --frozen	2026-09-18T20:14:10.0460800Z Prepared 1 package in 35ms
check (macos-latest)	Run uv sync --frozen	2026-09-18T20:14:10.0927680Z Installed 35 packages in 46ms
check (macos-latest)	Run uv sync --frozen	2026-09-18T20:14:10.0941190Z  + annotated-types==0.8.0
check (macos-latest)	Run uv sync --frozen	2026-09-18T20:14:10.0942420Z  + anyio==4.15.1
check (macos-latest)	Run uv sync --frozen	2026-09-18T20:14:10.0943510Z  + attrs==26.1.0
check (macos-latest)	Run uv sync --frozen	2026-09-18T20:14:10.0944650Z  + cffi==2.1.1
check (macos-latest)	Run uv sync --frozen	2026-09-18T20:14:10.0945160Z  + click==8.5.0
check (macos-latest)	Run uv sync --frozen	2026-09-18T20:14:10.0945610Z  + cryptography==50.0.1
check (macos-latest)	Run uv sync --frozen	2026-09-18T20:14:10.0945980Z  + h11==0.16.0
check (macos-latest)	Run uv sync --frozen	2026-09-18T20:14:10.0946330Z  + httpcore2==2.13.0
check (macos-latest)	Run uv sync --frozen	2026-09-18T20:14:10.0946650Z  + httpx2==2.13.0
check (macos-latest)	Run uv sync --frozen	2026-09-18T20:14:10.0946990Z  + idna==3.20
check (macos-latest)	Run uv sync --frozen	2026-09-18T20:14:10.0947290Z  + iniconfig==2.3.0
check (macos-latest)	Run uv sync --frozen	2026-09-18T20:14:10.0947730Z  + jsonschema==4.26.0
check (macos-latest)	Run uv sync --frozen	2026-09-18T20:14:10.0948150Z  + jsonschema-specifications==2025.9.1
check (macos-latest)	Run uv sync --frozen	2026-09-18T20:14:10.0948530Z  + mcp==2.2.0
check (macos-latest)	Run uv sync --frozen	2026-09-18T20:14:10.0948900Z  + mcp-types==2.2.0
check (macos-latest)	Run uv sync --frozen	2026-09-18T20:14:10.0949350Z  + nisayon-workspace==0.1.0 (from file:///Users/runner/work/nisayon/nisayon)
check (macos-latest)	Run uv sync --frozen	2026-09-18T20:14:10.0949900Z  + opentelemetry-api==1.44.0
check (macos-latest)	Run uv sync --frozen	2026-09-18T20:14:10.0950280Z  + packaging==26.3
check (macos-latest)	Run uv sync --frozen	2026-09-18T20:14:10.0950630Z  + pluggy==1.6.0
check (macos-latest)	Run uv sync --frozen	2026-09-18T20:14:10.0951130Z  + pycparser==3.0
check (macos-latest)	Run uv sync --frozen	2026-09-18T20:14:10.0951470Z  + pydantic==2.13.5
check (macos-latest)	Run uv sync --frozen	2026-09-18T20:14:10.0951730Z  + pydantic-core==2.46.5
check (macos-latest)	Run uv sync --frozen	2026-09-18T20:14:10.0952020Z  + pygments==2.21.0
check (macos-latest)	Run uv sync --frozen	2026-09-18T20:14:10.0952290Z  + pyjwt==2.14.0
check (macos-latest)	Run uv sync --frozen	2026-09-18T20:14:10.0952510Z  + pytest==9.1.1
check (macos-latest)	Run uv sync --frozen	2026-09-18T20:14:10.0952790Z  + python-multipart==0.0.32
check (macos-latest)	Run uv sync --frozen	2026-09-18T20:14:10.0953010Z  + referencing==0.37.0
check (macos-latest)	Run uv sync --frozen	2026-09-18T20:14:10.0953330Z  + rpds-py==2026.6.3
check (macos-latest)	Run uv sync --frozen	2026-09-18T20:14:10.0953670Z  + ruff==0.16.8
check (macos-latest)	Run uv sync --frozen	2026-09-18T20:14:10.0954030Z  + sse-starlette==3.4.11
check (macos-latest)	Run uv sync --frozen	2026-09-18T20:14:10.0954340Z  + starlette==1.6.0
check (macos-latest)	Run uv sync --frozen	2026-09-18T20:14:10.0954550Z  + truststore==0.10.4
check (macos-latest)	Run uv sync --frozen	2026-09-18T20:14:10.0954740Z  + typing-extensions==4.16.0
check (macos-latest)	Run uv sync --frozen	2026-09-18T20:14:10.0955060Z  + typing-inspection==0.4.4
check (macos-latest)	Run uv sync --frozen	2026-09-18T20:14:10.0955280Z  + uvicorn==0.53.0
check (macos-latest)	Run make check	﻿2026-09-18T20:14:10.1065070Z ##[group]Run make check
check (macos-latest)	Run make check	2026-09-18T20:14:10.1065490Z [36;1mmake check[0m
check (macos-latest)	Run make check	2026-09-18T20:14:10.1104730Z shell: /bin/bash -e {0}
check (macos-latest)	Run make check	2026-09-18T20:14:10.1104970Z env:
check (macos-latest)	Run make check	2026-09-18T20:14:10.1105270Z   UV_PYTHON_INSTALL_DIR: /Users/runner/work/_temp/uv-python-dir
check (macos-latest)	Run make check	2026-09-18T20:14:10.1105680Z   UV_CACHE_DIR: /Users/runner/work/_temp/setup-uv-cache
check (macos-latest)	Run make check	2026-09-18T20:14:10.1105950Z ##[endgroup]
check (macos-latest)	Run make check	2026-09-18T20:14:10.9068260Z uv run --frozen ruff check .
check (macos-latest)	Run make check	2026-09-18T20:14:11.1845320Z All checks passed!
check (macos-latest)	Run make check	2026-09-18T20:14:11.1876690Z uv run --frozen ruff format --check .
check (macos-latest)	Run make check	2026-09-18T20:14:11.2568420Z 182 files already formatted
check (macos-latest)	Run make check	2026-09-18T20:14:11.2611010Z uv run --frozen pytest
check (macos-latest)	Run make check	2026-09-18T20:14:14.8187850Z ........................................................................ [ 19%]
check (macos-latest)	Run make check	2026-09-18T20:14:36.3279210Z ..................ssss............s..................................... [ 38%]
check (macos-latest)	Run make check	2026-09-18T20:15:04.3249740Z ........................................................................ [ 58%]
check (macos-latest)	Run make check	2026-09-18T20:16:10.4814720Z ...............................................................s..ss.... [ 77%]
check (macos-latest)	Run make check	2026-09-18T20:16:57.7877280Z .................s.s...................sss.............................. [ 96%]
check (macos-latest)	Run make check	2026-09-18T20:16:59.2744600Z ............                                                             [100%]
check (macos-latest)	Run make check	2026-09-18T20:16:59.2745930Z 359 passed, 14 skipped in 166.93s (0:02:46)
check (macos-latest)	Run make check	2026-09-18T20:16:59.5200930Z uv run --frozen python scripts/check_docs.py
check (macos-latest)	Run make check	2026-09-18T20:16:59.8053350Z {
check (macos-latest)	Run make check	2026-09-18T20:16:59.8053660Z   "documents": 58,
check (macos-latest)	Run make check	2026-09-18T20:16:59.8053990Z   "mermaid_blocks": 3,
check (macos-latest)	Run make check	2026-09-18T20:16:59.8054350Z   "errors": [],
check (macos-latest)	Run make check	2026-09-18T20:16:59.8054660Z   "scope": "local file links and code fences; Mermaid rendering is separate"
check (macos-latest)	Run make check	2026-09-18T20:16:59.8055110Z }
check (macos-latest)	Post Run astral-sh/setup-uv@bec219d24cd3e171d82865faccec33120bb574f4	﻿2026-09-18T20:16:59.8530330Z Post job cleanup.
check (macos-latest)	Post Run astral-sh/setup-uv@bec219d24cd3e171d82865faccec33120bb574f4	2026-09-18T20:17:00.5642160Z UV_CACHE_DIR is already set to /Users/runner/work/_temp/setup-uv-cache
check (macos-latest)	Post Run astral-sh/setup-uv@bec219d24cd3e171d82865faccec33120bb574f4	2026-09-18T20:17:00.5647760Z UV_PYTHON_INSTALL_DIR is already set to /Users/runner/work/_temp/uv-python-dir
check (macos-latest)	Post Run astral-sh/setup-uv@bec219d24cd3e171d82865faccec33120bb574f4	2026-09-18T20:17:00.5648520Z Cache hit occurred on key setup-uv-2-aarch64-apple-darwin-macos-16-unknown-ee4bf0131c9390b1a2325a37458117cd1e7e159f4b5359cd151ff26e61b27c06, not saving cache.
check (macos-latest)	Post Run actions/checkout@3d3c42e5aac5ba805825da76410c181273ba90b1	﻿2026-09-18T20:17:00.6846880Z Post job cleanup.
check (macos-latest)	Post Run actions/checkout@3d3c42e5aac5ba805825da76410c181273ba90b1	2026-09-18T20:17:00.8483460Z [command]/opt/homebrew/bin/git version
check (macos-latest)	Post Run actions/checkout@3d3c42e5aac5ba805825da76410c181273ba90b1	2026-09-18T20:17:00.8574500Z git version 2.55.0
check (macos-latest)	Post Run actions/checkout@3d3c42e5aac5ba805825da76410c181273ba90b1	2026-09-18T20:17:00.8601820Z Copying '/Users/runner/.gitconfig' to '/Users/runner/work/_temp/6bc1fc5f-401a-4f15-a4d1-4151cf58e60b/.gitconfig'
check (macos-latest)	Post Run actions/checkout@3d3c42e5aac5ba805825da76410c181273ba90b1	2026-09-18T20:17:00.8609620Z Temporarily overriding HOME='/Users/runner/work/_temp/6bc1fc5f-401a-4f15-a4d1-4151cf58e60b' before making global git config changes
check (macos-latest)	Post Run actions/checkout@3d3c42e5aac5ba805825da76410c181273ba90b1	2026-09-18T20:17:00.8610770Z Adding repository directory to the temporary git global config as a safe directory
check (macos-latest)	Post Run actions/checkout@3d3c42e5aac5ba805825da76410c181273ba90b1	2026-09-18T20:17:00.8614050Z [command]/opt/homebrew/bin/git config --global --add safe.directory /Users/runner/work/nisayon/nisayon
check (macos-latest)	Post Run actions/checkout@3d3c42e5aac5ba805825da76410c181273ba90b1	2026-09-18T20:17:00.8698350Z Removing SSH command configuration
check (macos-latest)	Post Run actions/checkout@3d3c42e5aac5ba805825da76410c181273ba90b1	2026-09-18T20:17:00.8703500Z [command]/opt/homebrew/bin/git config --local --name-only --get-regexp core\.sshCommand
check (macos-latest)	Post Run actions/checkout@3d3c42e5aac5ba805825da76410c181273ba90b1	2026-09-18T20:17:00.8799300Z [command]/opt/homebrew/bin/git submodule foreach --recursive sh -c "git config --local --name-only --get-regexp 'core\.sshCommand' && git config --local --unset-all 'core.sshCommand' || :"
check (macos-latest)	Post Run actions/checkout@3d3c42e5aac5ba805825da76410c181273ba90b1	2026-09-18T20:17:01.0216870Z Removing HTTP extra header
check (macos-latest)	Post Run actions/checkout@3d3c42e5aac5ba805825da76410c181273ba90b1	2026-09-18T20:17:01.0220610Z [command]/opt/homebrew/bin/git config --local --name-only --get-regexp http\.https\:\/\/github\.com\/\.extraheader
check (macos-latest)	Post Run actions/checkout@3d3c42e5aac5ba805825da76410c181273ba90b1	2026-09-18T20:17:01.0356310Z [command]/opt/homebrew/bin/git submodule foreach --recursive sh -c "git config --local --name-only --get-regexp 'http\.https\:\/\/github\.com\/\.extraheader' && git config --local --unset-all 'http.https://github.com/.extraheader' || :"
check (macos-latest)	Post Run actions/checkout@3d3c42e5aac5ba805825da76410c181273ba90b1	2026-09-18T20:17:01.1785640Z Removing includeIf entries pointing to credentials config files
check (macos-latest)	Post Run actions/checkout@3d3c42e5aac5ba805825da76410c181273ba90b1	2026-09-18T20:17:01.1791540Z [command]/opt/homebrew/bin/git config --local --name-only --get-regexp ^includeIf\.gitdir:
check (macos-latest)	Post Run actions/checkout@3d3c42e5aac5ba805825da76410c181273ba90b1	2026-09-18T20:17:01.1937180Z [command]/opt/homebrew/bin/git submodule foreach --recursive git config --local --show-origin --name-only --get-regexp remote.origin.url
check (macos-latest)	Complete job	﻿2026-09-18T20:17:01.3583720Z Cleaning up orphan processes
